identifier,formula,atoms,num_atoms,Formula_original,Temperature (K),TC,DOI,formation_energy_per_atom,cif_path
mp-691,SnSe,"MSONAtoms(symbols='Sn4Se4', pbc=True, cell=[4.70090745, 4.12625095, 11.6644585])",2,Sn50Se50,295,1.03, 10.1039/C4TA01643B?urlappend=%3Futm_source%3Dresearchgate.net%26utm_medium%3Darticle,-0.453546308,downloaded_cif_TE\mp-691_SnSe.cif
mp-691,SnSe,"MSONAtoms(symbols='Sn4Se4', pbc=True, cell=[4.70090745, 4.12625095, 11.6644585])",2,Sn50Se50,346,0.89, 10.1039/C4TA01643B?urlappend=%3Futm_source%3Dresearchgate.net%26utm_medium%3Darticle,-0.453546308,downloaded_cif_TE\mp-691_SnSe.cif
mp-691,SnSe,"MSONAtoms(symbols='Sn4Se4', pbc=True, cell=[4.70090745, 4.12625095, 11.6644585])",2,Sn50Se50,400,0.78, 10.1039/C4TA01643B?urlappend=%3Futm_source%3Dresearchgate.net%26utm_medium%3Darticle,-0.453546308,downloaded_cif_TE\mp-691_SnSe.cif
mp-691,SnSe,"MSONAtoms(symbols='Sn4Se4', pbc=True, cell=[4.70090745, 4.12625095, 11.6644585])",2,Sn50Se50,449,0.72, 10.1039/C4TA01643B?urlappend=%3Futm_source%3Dresearchgate.net%26utm_medium%3Darticle,-0.453546308,downloaded_cif_TE\mp-691_SnSe.cif
mp-691,SnSe,"MSONAtoms(symbols='Sn4Se4', pbc=True, cell=[4.70090745, 4.12625095, 11.6644585])",2,Sn50Se50,500,0.67, 10.1039/C4TA01643B?urlappend=%3Futm_source%3Dresearchgate.net%26utm_medium%3Darticle,-0.453546308,downloaded_cif_TE\mp-691_SnSe.cif
mp-691,SnSe,"MSONAtoms(symbols='Sn4Se4', pbc=True, cell=[4.70090745, 4.12625095, 11.6644585])",2,Sn50Se50,552,0.64, 10.1039/C4TA01643B?urlappend=%3Futm_source%3Dresearchgate.net%26utm_medium%3Darticle,-0.453546308,downloaded_cif_TE\mp-691_SnSe.cif
mp-691,SnSe,"MSONAtoms(symbols='Sn4Se4', pbc=True, cell=[4.70090745, 4.12625095, 11.6644585])",2,Sn50Se50,598,0.62, 10.1039/C4TA01643B?urlappend=%3Futm_source%3Dresearchgate.net%26utm_medium%3Darticle,-0.453546308,downloaded_cif_TE\mp-691_SnSe.cif
mp-691,SnSe,"MSONAtoms(symbols='Sn4Se4', pbc=True, cell=[4.70090745, 4.12625095, 11.6644585])",2,Sn50Se50,648,0.59, 10.1039/C4TA01643B?urlappend=%3Futm_source%3Dresearchgate.net%26utm_medium%3Darticle,-0.453546308,downloaded_cif_TE\mp-691_SnSe.cif
mp-691,SnSe,"MSONAtoms(symbols='Sn4Se4', pbc=True, cell=[4.70090745, 4.12625095, 11.6644585])",2,Sn50Se50,699,0.57, 10.1039/C4TA01643B?urlappend=%3Futm_source%3Dresearchgate.net%26utm_medium%3Darticle,-0.453546308,downloaded_cif_TE\mp-691_SnSe.cif
mp-691,SnSe,"MSONAtoms(symbols='Sn4Se4', pbc=True, cell=[4.70090745, 4.12625095, 11.6644585])",2,Sn50Se50,754,0.55, 10.1039/C4TA01643B?urlappend=%3Futm_source%3Dresearchgate.net%26utm_medium%3Darticle,-0.453546308,downloaded_cif_TE\mp-691_SnSe.cif
mp-1317,CoSb3,"MSONAtoms(symbols='Co4Sb12', pbc=True, cell=[[7.39186059, -2.508e-05, -2.61340979], [-3.69594978, 6.40161738, -2.61345101], [2.347e-05, -1.232e-05, 7.84029276]])",4,Co25Sb75,296,10.95, 10.1016/j.jpcs.2005.05.077,-0.147884075,downloaded_cif_TE\mp-1317_CoSb3.cif
mp-1317,CoSb3,"MSONAtoms(symbols='Co4Sb12', pbc=True, cell=[[7.39186059, -2.508e-05, -2.61340979], [-3.69594978, 6.40161738, -2.61345101], [2.347e-05, -1.232e-05, 7.84029276]])",4,Co25Sb75,313,10.64, 10.1016/j.jpcs.2005.05.077,-0.147884075,downloaded_cif_TE\mp-1317_CoSb3.cif
mp-1317,CoSb3,"MSONAtoms(symbols='Co4Sb12', pbc=True, cell=[[7.39186059, -2.508e-05, -2.61340979], [-3.69594978, 6.40161738, -2.61345101], [2.347e-05, -1.232e-05, 7.84029276]])",4,Co25Sb75,336,10.36, 10.1016/j.jpcs.2005.05.077,-0.147884075,downloaded_cif_TE\mp-1317_CoSb3.cif
mp-1317,CoSb3,"MSONAtoms(symbols='Co4Sb12', pbc=True, cell=[[7.39186059, -2.508e-05, -2.61340979], [-3.69594978, 6.40161738, -2.61345101], [2.347e-05, -1.232e-05, 7.84029276]])",4,Co25Sb75,381,9.69, 10.1016/j.jpcs.2005.05.077,-0.147884075,downloaded_cif_TE\mp-1317_CoSb3.cif
mp-1317,CoSb3,"MSONAtoms(symbols='Co4Sb12', pbc=True, cell=[[7.39186059, -2.508e-05, -2.61340979], [-3.69594978, 6.40161738, -2.61345101], [2.347e-05, -1.232e-05, 7.84029276]])",4,Co25Sb75,428,8.99, 10.1016/j.jpcs.2005.05.077,-0.147884075,downloaded_cif_TE\mp-1317_CoSb3.cif
mp-1317,CoSb3,"MSONAtoms(symbols='Co4Sb12', pbc=True, cell=[[7.39186059, -2.508e-05, -2.61340979], [-3.69594978, 6.40161738, -2.61345101], [2.347e-05, -1.232e-05, 7.84029276]])",4,Co25Sb75,475,8.5, 10.1016/j.jpcs.2005.05.077,-0.147884075,downloaded_cif_TE\mp-1317_CoSb3.cif
mp-1317,CoSb3,"MSONAtoms(symbols='Co4Sb12', pbc=True, cell=[[7.39186059, -2.508e-05, -2.61340979], [-3.69594978, 6.40161738, -2.61345101], [2.347e-05, -1.232e-05, 7.84029276]])",4,Co25Sb75,537,8.15, 10.1016/j.jpcs.2005.05.077,-0.147884075,downloaded_cif_TE\mp-1317_CoSb3.cif
mp-1317,CoSb3,"MSONAtoms(symbols='Co4Sb12', pbc=True, cell=[[7.39186059, -2.508e-05, -2.61340979], [-3.69594978, 6.40161738, -2.61345101], [2.347e-05, -1.232e-05, 7.84029276]])",4,Co25Sb75,590,8.05, 10.1016/j.jpcs.2005.05.077,-0.147884075,downloaded_cif_TE\mp-1317_CoSb3.cif
mp-1317,CoSb3,"MSONAtoms(symbols='Co4Sb12', pbc=True, cell=[[7.39186059, -2.508e-05, -2.61340979], [-3.69594978, 6.40161738, -2.61345101], [2.347e-05, -1.232e-05, 7.84029276]])",4,Co25Sb75,635,8.08, 10.1016/j.jpcs.2005.05.077,-0.147884075,downloaded_cif_TE\mp-1317_CoSb3.cif
mp-1317,CoSb3,"MSONAtoms(symbols='Co4Sb12', pbc=True, cell=[[7.39186059, -2.508e-05, -2.61340979], [-3.69594978, 6.40161738, -2.61345101], [2.347e-05, -1.232e-05, 7.84029276]])",4,Co25Sb75,689,8.15, 10.1016/j.jpcs.2005.05.077,-0.147884075,downloaded_cif_TE\mp-1317_CoSb3.cif
mp-1317,CoSb3,"MSONAtoms(symbols='Co4Sb12', pbc=True, cell=[[7.39186059, -2.508e-05, -2.61340979], [-3.69594978, 6.40161738, -2.61345101], [2.347e-05, -1.232e-05, 7.84029276]])",4,Co25Sb75,737,8.54, 10.1016/j.jpcs.2005.05.077,-0.147884075,downloaded_cif_TE\mp-1317_CoSb3.cif
mp-1317,CoSb3,"MSONAtoms(symbols='Co4Sb12', pbc=True, cell=[[7.39186059, -2.508e-05, -2.61340979], [-3.69594978, 6.40161738, -2.61345101], [2.347e-05, -1.232e-05, 7.84029276]])",4,Co25Sb75,784,8.78, 10.1016/j.jpcs.2005.05.077,-0.147884075,downloaded_cif_TE\mp-1317_CoSb3.cif
mp-2231,SnS,"MSONAtoms(symbols='Sn4S4', pbc=True, cell=[3.95685521, 4.53281069, 11.39201851])",2,Sn50S50,308,1.02,http://dx.doi.org/10.1021/acsami.7b08770,-0.472081115,downloaded_cif_TE\mp-2231_SnS.cif
mp-2231,SnS,"MSONAtoms(symbols='Sn4S4', pbc=True, cell=[3.95685521, 4.53281069, 11.39201851])",2,Sn50S50,400,0.77,http://dx.doi.org/10.1021/acsami.7b08770,-0.472081115,downloaded_cif_TE\mp-2231_SnS.cif
mp-2231,SnS,"MSONAtoms(symbols='Sn4S4', pbc=True, cell=[3.95685521, 4.53281069, 11.39201851])",2,Sn50S50,508,0.58,http://dx.doi.org/10.1021/acsami.7b08770,-0.472081115,downloaded_cif_TE\mp-2231_SnS.cif
mp-2231,SnS,"MSONAtoms(symbols='Sn4S4', pbc=True, cell=[3.95685521, 4.53281069, 11.39201851])",2,Sn50S50,608,0.51,http://dx.doi.org/10.1021/acsami.7b08770,-0.472081115,downloaded_cif_TE\mp-2231_SnS.cif
mp-2231,SnS,"MSONAtoms(symbols='Sn4S4', pbc=True, cell=[3.95685521, 4.53281069, 11.39201851])",2,Sn50S50,707,0.49,http://dx.doi.org/10.1021/acsami.7b08770,-0.472081115,downloaded_cif_TE\mp-2231_SnS.cif
mp-2231,SnS,"MSONAtoms(symbols='Sn4S4', pbc=True, cell=[3.95685521, 4.53281069, 11.39201851])",2,Sn50S50,804,0.48,http://dx.doi.org/10.1021/acsami.7b08770,-0.472081115,downloaded_cif_TE\mp-2231_SnS.cif
mp-23116,CuBiSeO,"MSONAtoms(symbols='Cu2Bi2Se2O2', pbc=True, cell=[3.949713, 3.949713, 9.067505], initial_magmoms=...)",4,Bi25Cu25Se25O25,304,0.7,10.1002/adma.201301675,-0.832861201,downloaded_cif_TE\mp-23116_CuBiSeO.cif
mp-23116,CuBiSeO,"MSONAtoms(symbols='Cu2Bi2Se2O2', pbc=True, cell=[3.949713, 3.949713, 9.067505], initial_magmoms=...)",4,Bi25Cu25Se25O25,323,0.66,10.1002/adma.201301675,-0.832861201,downloaded_cif_TE\mp-23116_CuBiSeO.cif
mp-23116,CuBiSeO,"MSONAtoms(symbols='Cu2Bi2Se2O2', pbc=True, cell=[3.949713, 3.949713, 9.067505], initial_magmoms=...)",4,Bi25Cu25Se25O25,373,0.61,10.1002/adma.201301675,-0.832861201,downloaded_cif_TE\mp-23116_CuBiSeO.cif
mp-23116,CuBiSeO,"MSONAtoms(symbols='Cu2Bi2Se2O2', pbc=True, cell=[3.949713, 3.949713, 9.067505], initial_magmoms=...)",4,Bi25Cu25Se25O25,422,0.55,10.1002/adma.201301675,-0.832861201,downloaded_cif_TE\mp-23116_CuBiSeO.cif
mp-23116,CuBiSeO,"MSONAtoms(symbols='Cu2Bi2Se2O2', pbc=True, cell=[3.949713, 3.949713, 9.067505], initial_magmoms=...)",4,Bi25Cu25Se25O25,471,0.52,10.1002/adma.201301675,-0.832861201,downloaded_cif_TE\mp-23116_CuBiSeO.cif
mp-23116,CuBiSeO,"MSONAtoms(symbols='Cu2Bi2Se2O2', pbc=True, cell=[3.949713, 3.949713, 9.067505], initial_magmoms=...)",4,Bi25Cu25Se25O25,523,0.5,10.1002/adma.201301675,-0.832861201,downloaded_cif_TE\mp-23116_CuBiSeO.cif
mp-23116,CuBiSeO,"MSONAtoms(symbols='Cu2Bi2Se2O2', pbc=True, cell=[3.949713, 3.949713, 9.067505], initial_magmoms=...)",4,Bi25Cu25Se25O25,572,0.47,10.1002/adma.201301675,-0.832861201,downloaded_cif_TE\mp-23116_CuBiSeO.cif
mp-23116,CuBiSeO,"MSONAtoms(symbols='Cu2Bi2Se2O2', pbc=True, cell=[3.949713, 3.949713, 9.067505], initial_magmoms=...)",4,Bi25Cu25Se25O25,624,0.45,10.1002/adma.201301675,-0.832861201,downloaded_cif_TE\mp-23116_CuBiSeO.cif
mp-23116,CuBiSeO,"MSONAtoms(symbols='Cu2Bi2Se2O2', pbc=True, cell=[3.949713, 3.949713, 9.067505], initial_magmoms=...)",4,Bi25Cu25Se25O25,674,0.42,10.1002/adma.201301675,-0.832861201,downloaded_cif_TE\mp-23116_CuBiSeO.cif
mp-23116,CuBiSeO,"MSONAtoms(symbols='Cu2Bi2Se2O2', pbc=True, cell=[3.949713, 3.949713, 9.067505], initial_magmoms=...)",4,Bi25Cu25Se25O25,724,0.41,10.1002/adma.201301675,-0.832861201,downloaded_cif_TE\mp-23116_CuBiSeO.cif
mp-23116,CuBiSeO,"MSONAtoms(symbols='Cu2Bi2Se2O2', pbc=True, cell=[3.949713, 3.949713, 9.067505], initial_magmoms=...)",4,Bi25Cu25Se25O25,774,0.4,10.1002/adma.201301675,-0.832861201,downloaded_cif_TE\mp-23116_CuBiSeO.cif
mp-23116,CuBiSeO,"MSONAtoms(symbols='Cu2Bi2Se2O2', pbc=True, cell=[3.949713, 3.949713, 9.067505], initial_magmoms=...)",4,Bi25Cu25Se25O25,822,0.4,10.1002/adma.201301675,-0.832861201,downloaded_cif_TE\mp-23116_CuBiSeO.cif
mp-22261,InCuTe2,"MSONAtoms(symbols='In2Cu2Te4', pbc=True, cell=[[5.69038863, -0.0, -2.54268188], [-1.13616745, 5.57580745, -2.54268187], [0.00238202, 0.00291713, 7.64406507]])",4,Cu25In25Te50,475,2.8, 10.1016/j.jpcs.2015.03.012,-0.366350761,downloaded_cif_TE\mp-22261_InCuTe2.cif
mp-23116,CuBiSeO,"MSONAtoms(symbols='Cu2Bi2Se2O2', pbc=True, cell=[3.949713, 3.949713, 9.067505], initial_magmoms=...)",4,Bi25Cu25Se25O25,294,0.85, 10.1016/j.jallcom.2017.04.121,-0.832861201,downloaded_cif_TE\mp-23116_CuBiSeO.cif
mp-23116,CuBiSeO,"MSONAtoms(symbols='Cu2Bi2Se2O2', pbc=True, cell=[3.949713, 3.949713, 9.067505], initial_magmoms=...)",4,Bi25Cu25Se25O25,324,0.79, 10.1016/j.jallcom.2017.04.121,-0.832861201,downloaded_cif_TE\mp-23116_CuBiSeO.cif
mp-23116,CuBiSeO,"MSONAtoms(symbols='Cu2Bi2Se2O2', pbc=True, cell=[3.949713, 3.949713, 9.067505], initial_magmoms=...)",4,Bi25Cu25Se25O25,373,0.72, 10.1016/j.jallcom.2017.04.121,-0.832861201,downloaded_cif_TE\mp-23116_CuBiSeO.cif
mp-23116,CuBiSeO,"MSONAtoms(symbols='Cu2Bi2Se2O2', pbc=True, cell=[3.949713, 3.949713, 9.067505], initial_magmoms=...)",4,Bi25Cu25Se25O25,422,0.66, 10.1016/j.jallcom.2017.04.121,-0.832861201,downloaded_cif_TE\mp-23116_CuBiSeO.cif
mp-23116,CuBiSeO,"MSONAtoms(symbols='Cu2Bi2Se2O2', pbc=True, cell=[3.949713, 3.949713, 9.067505], initial_magmoms=...)",4,Bi25Cu25Se25O25,473,0.61, 10.1016/j.jallcom.2017.04.121,-0.832861201,downloaded_cif_TE\mp-23116_CuBiSeO.cif
mp-23116,CuBiSeO,"MSONAtoms(symbols='Cu2Bi2Se2O2', pbc=True, cell=[3.949713, 3.949713, 9.067505], initial_magmoms=...)",4,Bi25Cu25Se25O25,523,0.58, 10.1016/j.jallcom.2017.04.121,-0.832861201,downloaded_cif_TE\mp-23116_CuBiSeO.cif
mp-23116,CuBiSeO,"MSONAtoms(symbols='Cu2Bi2Se2O2', pbc=True, cell=[3.949713, 3.949713, 9.067505], initial_magmoms=...)",4,Bi25Cu25Se25O25,573,0.55, 10.1016/j.jallcom.2017.04.121,-0.832861201,downloaded_cif_TE\mp-23116_CuBiSeO.cif
mp-23116,CuBiSeO,"MSONAtoms(symbols='Cu2Bi2Se2O2', pbc=True, cell=[3.949713, 3.949713, 9.067505], initial_magmoms=...)",4,Bi25Cu25Se25O25,622,0.53, 10.1016/j.jallcom.2017.04.121,-0.832861201,downloaded_cif_TE\mp-23116_CuBiSeO.cif
mp-23116,CuBiSeO,"MSONAtoms(symbols='Cu2Bi2Se2O2', pbc=True, cell=[3.949713, 3.949713, 9.067505], initial_magmoms=...)",4,Bi25Cu25Se25O25,672,0.51, 10.1016/j.jallcom.2017.04.121,-0.832861201,downloaded_cif_TE\mp-23116_CuBiSeO.cif
mp-23116,CuBiSeO,"MSONAtoms(symbols='Cu2Bi2Se2O2', pbc=True, cell=[3.949713, 3.949713, 9.067505], initial_magmoms=...)",4,Bi25Cu25Se25O25,723,0.51, 10.1016/j.jallcom.2017.04.121,-0.832861201,downloaded_cif_TE\mp-23116_CuBiSeO.cif
mp-23116,CuBiSeO,"MSONAtoms(symbols='Cu2Bi2Se2O2', pbc=True, cell=[3.949713, 3.949713, 9.067505], initial_magmoms=...)",4,Bi25Cu25Se25O25,773,0.5, 10.1016/j.jallcom.2017.04.121,-0.832861201,downloaded_cif_TE\mp-23116_CuBiSeO.cif
mp-23116,CuBiSeO,"MSONAtoms(symbols='Cu2Bi2Se2O2', pbc=True, cell=[3.949713, 3.949713, 9.067505], initial_magmoms=...)",4,Bi25Cu25Se25O25,825,0.49, 10.1016/j.jallcom.2017.04.121,-0.832861201,downloaded_cif_TE\mp-23116_CuBiSeO.cif
mp-23116,CuBiSeO,"MSONAtoms(symbols='Cu2Bi2Se2O2', pbc=True, cell=[3.949713, 3.949713, 9.067505], initial_magmoms=...)",4,Bi25Cu25Se25O25,872,0.47, 10.1016/j.jallcom.2017.04.121,-0.832861201,downloaded_cif_TE\mp-23116_CuBiSeO.cif
mp-636368,Ga3Fe,"MSONAtoms(symbols='Ga12Fe4', pbc=True, cell=[[6.18354969, -1.483e-05, 1.733e-05], [-1.683e-05, 6.18354917, 2.751e-05], [-1.954e-05, -3.184e-05, 6.49835684]])",4,Fe25Ga75,200,2.89, 10.1063/1.3585843,-0.238247144,downloaded_cif_TE\mp-636368_Ga3Fe.cif
mp-636368,Ga3Fe,"MSONAtoms(symbols='Ga12Fe4', pbc=True, cell=[[6.18354969, -1.483e-05, 1.733e-05], [-1.683e-05, 6.18354917, 2.751e-05], [-1.954e-05, -3.184e-05, 6.49835684]])",4,Fe25Ga75,208,2.91, 10.1063/1.3585843,-0.238247144,downloaded_cif_TE\mp-636368_Ga3Fe.cif
mp-636368,Ga3Fe,"MSONAtoms(symbols='Ga12Fe4', pbc=True, cell=[[6.18354969, -1.483e-05, 1.733e-05], [-1.683e-05, 6.18354917, 2.751e-05], [-1.954e-05, -3.184e-05, 6.49835684]])",4,Fe25Ga75,220,2.7, 10.1063/1.3585843,-0.238247144,downloaded_cif_TE\mp-636368_Ga3Fe.cif
mp-636368,Ga3Fe,"MSONAtoms(symbols='Ga12Fe4', pbc=True, cell=[[6.18354969, -1.483e-05, 1.733e-05], [-1.683e-05, 6.18354917, 2.751e-05], [-1.954e-05, -3.184e-05, 6.49835684]])",4,Fe25Ga75,229,2.52, 10.1063/1.3585843,-0.238247144,downloaded_cif_TE\mp-636368_Ga3Fe.cif
mp-636368,Ga3Fe,"MSONAtoms(symbols='Ga12Fe4', pbc=True, cell=[[6.18354969, -1.483e-05, 1.733e-05], [-1.683e-05, 6.18354917, 2.751e-05], [-1.954e-05, -3.184e-05, 6.49835684]])",4,Fe25Ga75,241,2.45, 10.1063/1.3585843,-0.238247144,downloaded_cif_TE\mp-636368_Ga3Fe.cif
mp-636368,Ga3Fe,"MSONAtoms(symbols='Ga12Fe4', pbc=True, cell=[[6.18354969, -1.483e-05, 1.733e-05], [-1.683e-05, 6.18354917, 2.751e-05], [-1.954e-05, -3.184e-05, 6.49835684]])",4,Fe25Ga75,249,2.33, 10.1063/1.3585843,-0.238247144,downloaded_cif_TE\mp-636368_Ga3Fe.cif
mp-636368,Ga3Fe,"MSONAtoms(symbols='Ga12Fe4', pbc=True, cell=[[6.18354969, -1.483e-05, 1.733e-05], [-1.683e-05, 6.18354917, 2.751e-05], [-1.954e-05, -3.184e-05, 6.49835684]])",4,Fe25Ga75,260,2.27, 10.1063/1.3585843,-0.238247144,downloaded_cif_TE\mp-636368_Ga3Fe.cif
mp-636368,Ga3Fe,"MSONAtoms(symbols='Ga12Fe4', pbc=True, cell=[[6.18354969, -1.483e-05, 1.733e-05], [-1.683e-05, 6.18354917, 2.751e-05], [-1.954e-05, -3.184e-05, 6.49835684]])",4,Fe25Ga75,270,2.23, 10.1063/1.3585843,-0.238247144,downloaded_cif_TE\mp-636368_Ga3Fe.cif
mp-636368,Ga3Fe,"MSONAtoms(symbols='Ga12Fe4', pbc=True, cell=[[6.18354969, -1.483e-05, 1.733e-05], [-1.683e-05, 6.18354917, 2.751e-05], [-1.954e-05, -3.184e-05, 6.49835684]])",4,Fe25Ga75,279,2.19, 10.1063/1.3585843,-0.238247144,downloaded_cif_TE\mp-636368_Ga3Fe.cif
mp-636368,Ga3Fe,"MSONAtoms(symbols='Ga12Fe4', pbc=True, cell=[[6.18354969, -1.483e-05, 1.733e-05], [-1.683e-05, 6.18354917, 2.751e-05], [-1.954e-05, -3.184e-05, 6.49835684]])",4,Fe25Ga75,290,2.12, 10.1063/1.3585843,-0.238247144,downloaded_cif_TE\mp-636368_Ga3Fe.cif
mp-636368,Ga3Fe,"MSONAtoms(symbols='Ga12Fe4', pbc=True, cell=[[6.18354969, -1.483e-05, 1.733e-05], [-1.683e-05, 6.18354917, 2.751e-05], [-1.954e-05, -3.184e-05, 6.49835684]])",4,Fe25Ga75,299,2.09, 10.1063/1.3585843,-0.238247144,downloaded_cif_TE\mp-636368_Ga3Fe.cif
mp-636368,Ga3Fe,"MSONAtoms(symbols='Ga12Fe4', pbc=True, cell=[[6.18354969, -1.483e-05, 1.733e-05], [-1.683e-05, 6.18354917, 2.751e-05], [-1.954e-05, -3.184e-05, 6.49835684]])",4,Fe25Ga75,310,2.07, 10.1063/1.3585843,-0.238247144,downloaded_cif_TE\mp-636368_Ga3Fe.cif
mp-636368,Ga3Fe,"MSONAtoms(symbols='Ga12Fe4', pbc=True, cell=[[6.18354969, -1.483e-05, 1.733e-05], [-1.683e-05, 6.18354917, 2.751e-05], [-1.954e-05, -3.184e-05, 6.49835684]])",4,Fe25Ga75,320,2.05, 10.1063/1.3585843,-0.238247144,downloaded_cif_TE\mp-636368_Ga3Fe.cif
mp-636368,Ga3Fe,"MSONAtoms(symbols='Ga12Fe4', pbc=True, cell=[[6.18354969, -1.483e-05, 1.733e-05], [-1.683e-05, 6.18354917, 2.751e-05], [-1.954e-05, -3.184e-05, 6.49835684]])",4,Fe25Ga75,331,2.03, 10.1063/1.3585843,-0.238247144,downloaded_cif_TE\mp-636368_Ga3Fe.cif
mp-636368,Ga3Fe,"MSONAtoms(symbols='Ga12Fe4', pbc=True, cell=[[6.18354969, -1.483e-05, 1.733e-05], [-1.683e-05, 6.18354917, 2.751e-05], [-1.954e-05, -3.184e-05, 6.49835684]])",4,Fe25Ga75,340,2.02, 10.1063/1.3585843,-0.238247144,downloaded_cif_TE\mp-636368_Ga3Fe.cif
mp-636368,Ga3Fe,"MSONAtoms(symbols='Ga12Fe4', pbc=True, cell=[[6.18354969, -1.483e-05, 1.733e-05], [-1.683e-05, 6.18354917, 2.751e-05], [-1.954e-05, -3.184e-05, 6.49835684]])",4,Fe25Ga75,351,2.02, 10.1063/1.3585843,-0.238247144,downloaded_cif_TE\mp-636368_Ga3Fe.cif
mp-636368,Ga3Fe,"MSONAtoms(symbols='Ga12Fe4', pbc=True, cell=[[6.18354969, -1.483e-05, 1.733e-05], [-1.683e-05, 6.18354917, 2.751e-05], [-1.954e-05, -3.184e-05, 6.49835684]])",4,Fe25Ga75,361,2, 10.1063/1.3585843,-0.238247144,downloaded_cif_TE\mp-636368_Ga3Fe.cif
mp-636368,Ga3Fe,"MSONAtoms(symbols='Ga12Fe4', pbc=True, cell=[[6.18354969, -1.483e-05, 1.733e-05], [-1.683e-05, 6.18354917, 2.751e-05], [-1.954e-05, -3.184e-05, 6.49835684]])",4,Fe25Ga75,370,2.01, 10.1063/1.3585843,-0.238247144,downloaded_cif_TE\mp-636368_Ga3Fe.cif
mp-636368,Ga3Fe,"MSONAtoms(symbols='Ga12Fe4', pbc=True, cell=[[6.18354969, -1.483e-05, 1.733e-05], [-1.683e-05, 6.18354917, 2.751e-05], [-1.954e-05, -3.184e-05, 6.49835684]])",4,Fe25Ga75,381,2.05, 10.1063/1.3585843,-0.238247144,downloaded_cif_TE\mp-636368_Ga3Fe.cif
mp-636368,Ga3Fe,"MSONAtoms(symbols='Ga12Fe4', pbc=True, cell=[[6.18354969, -1.483e-05, 1.733e-05], [-1.683e-05, 6.18354917, 2.751e-05], [-1.954e-05, -3.184e-05, 6.49835684]])",4,Fe25Ga75,392,2.04, 10.1063/1.3585843,-0.238247144,downloaded_cif_TE\mp-636368_Ga3Fe.cif
mp-20331,CuSbSe2,"MSONAtoms(symbols='Cu4Sb4Se8', pbc=True, cell=[3.99298862, 6.38864358, 15.03930416])",4,Cu25Sb25Se50,5,2.43, 10.1063/1.2218592,-0.248575811,downloaded_cif_TE\mp-20331_CuSbSe2.cif
mp-20331,CuSbSe2,"MSONAtoms(symbols='Cu4Sb4Se8', pbc=True, cell=[3.99298862, 6.38864358, 15.03930416])",4,Cu25Sb25Se50,5,3, 10.1063/1.2218592,-0.248575811,downloaded_cif_TE\mp-20331_CuSbSe2.cif
mp-20331,CuSbSe2,"MSONAtoms(symbols='Cu4Sb4Se8', pbc=True, cell=[3.99298862, 6.38864358, 15.03930416])",4,Cu25Sb25Se50,6,3.9, 10.1063/1.2218592,-0.248575811,downloaded_cif_TE\mp-20331_CuSbSe2.cif
mp-20331,CuSbSe2,"MSONAtoms(symbols='Cu4Sb4Se8', pbc=True, cell=[3.99298862, 6.38864358, 15.03930416])",4,Cu25Sb25Se50,8,4.59, 10.1063/1.2218592,-0.248575811,downloaded_cif_TE\mp-20331_CuSbSe2.cif
mp-20331,CuSbSe2,"MSONAtoms(symbols='Cu4Sb4Se8', pbc=True, cell=[3.99298862, 6.38864358, 15.03930416])",4,Cu25Sb25Se50,8,5.89, 10.1063/1.2218592,-0.248575811,downloaded_cif_TE\mp-20331_CuSbSe2.cif
mp-20331,CuSbSe2,"MSONAtoms(symbols='Cu4Sb4Se8', pbc=True, cell=[3.99298862, 6.38864358, 15.03930416])",4,Cu25Sb25Se50,9,6.3, 10.1063/1.2218592,-0.248575811,downloaded_cif_TE\mp-20331_CuSbSe2.cif
mp-20331,CuSbSe2,"MSONAtoms(symbols='Cu4Sb4Se8', pbc=True, cell=[3.99298862, 6.38864358, 15.03930416])",4,Cu25Sb25Se50,9,6.53, 10.1063/1.2218592,-0.248575811,downloaded_cif_TE\mp-20331_CuSbSe2.cif
mp-20331,CuSbSe2,"MSONAtoms(symbols='Cu4Sb4Se8', pbc=True, cell=[3.99298862, 6.38864358, 15.03930416])",4,Cu25Sb25Se50,12,7.22, 10.1063/1.2218592,-0.248575811,downloaded_cif_TE\mp-20331_CuSbSe2.cif
mp-20331,CuSbSe2,"MSONAtoms(symbols='Cu4Sb4Se8', pbc=True, cell=[3.99298862, 6.38864358, 15.03930416])",4,Cu25Sb25Se50,12,7.97, 10.1063/1.2218592,-0.248575811,downloaded_cif_TE\mp-20331_CuSbSe2.cif
mp-20331,CuSbSe2,"MSONAtoms(symbols='Cu4Sb4Se8', pbc=True, cell=[3.99298862, 6.38864358, 15.03930416])",4,Cu25Sb25Se50,14,8.84, 10.1063/1.2218592,-0.248575811,downloaded_cif_TE\mp-20331_CuSbSe2.cif
mp-20331,CuSbSe2,"MSONAtoms(symbols='Cu4Sb4Se8', pbc=True, cell=[3.99298862, 6.38864358, 15.03930416])",4,Cu25Sb25Se50,14,9.15, 10.1063/1.2218592,-0.248575811,downloaded_cif_TE\mp-20331_CuSbSe2.cif
mp-20331,CuSbSe2,"MSONAtoms(symbols='Cu4Sb4Se8', pbc=True, cell=[3.99298862, 6.38864358, 15.03930416])",4,Cu25Sb25Se50,15,9.7, 10.1063/1.2218592,-0.248575811,downloaded_cif_TE\mp-20331_CuSbSe2.cif
mp-20331,CuSbSe2,"MSONAtoms(symbols='Cu4Sb4Se8', pbc=True, cell=[3.99298862, 6.38864358, 15.03930416])",4,Cu25Sb25Se50,15,9.96, 10.1063/1.2218592,-0.248575811,downloaded_cif_TE\mp-20331_CuSbSe2.cif
mp-20331,CuSbSe2,"MSONAtoms(symbols='Cu4Sb4Se8', pbc=True, cell=[3.99298862, 6.38864358, 15.03930416])",4,Cu25Sb25Se50,16,10.16, 10.1063/1.2218592,-0.248575811,downloaded_cif_TE\mp-20331_CuSbSe2.cif
mp-20331,CuSbSe2,"MSONAtoms(symbols='Cu4Sb4Se8', pbc=True, cell=[3.99298862, 6.38864358, 15.03930416])",4,Cu25Sb25Se50,18,10.66, 10.1063/1.2218592,-0.248575811,downloaded_cif_TE\mp-20331_CuSbSe2.cif
mp-20331,CuSbSe2,"MSONAtoms(symbols='Cu4Sb4Se8', pbc=True, cell=[3.99298862, 6.38864358, 15.03930416])",4,Cu25Sb25Se50,18,10.8, 10.1063/1.2218592,-0.248575811,downloaded_cif_TE\mp-20331_CuSbSe2.cif
mp-20331,CuSbSe2,"MSONAtoms(symbols='Cu4Sb4Se8', pbc=True, cell=[3.99298862, 6.38864358, 15.03930416])",4,Cu25Sb25Se50,18,11, 10.1063/1.2218592,-0.248575811,downloaded_cif_TE\mp-20331_CuSbSe2.cif
mp-20331,CuSbSe2,"MSONAtoms(symbols='Cu4Sb4Se8', pbc=True, cell=[3.99298862, 6.38864358, 15.03930416])",4,Cu25Sb25Se50,19,11.44, 10.1063/1.2218592,-0.248575811,downloaded_cif_TE\mp-20331_CuSbSe2.cif
mp-20331,CuSbSe2,"MSONAtoms(symbols='Cu4Sb4Se8', pbc=True, cell=[3.99298862, 6.38864358, 15.03930416])",4,Cu25Sb25Se50,20,11.67, 10.1063/1.2218592,-0.248575811,downloaded_cif_TE\mp-20331_CuSbSe2.cif
mp-20331,CuSbSe2,"MSONAtoms(symbols='Cu4Sb4Se8', pbc=True, cell=[3.99298862, 6.38864358, 15.03930416])",4,Cu25Sb25Se50,22,12.01, 10.1063/1.2218592,-0.248575811,downloaded_cif_TE\mp-20331_CuSbSe2.cif
mp-20331,CuSbSe2,"MSONAtoms(symbols='Cu4Sb4Se8', pbc=True, cell=[3.99298862, 6.38864358, 15.03930416])",4,Cu25Sb25Se50,25,12.27, 10.1063/1.2218592,-0.248575811,downloaded_cif_TE\mp-20331_CuSbSe2.cif
mp-20331,CuSbSe2,"MSONAtoms(symbols='Cu4Sb4Se8', pbc=True, cell=[3.99298862, 6.38864358, 15.03930416])",4,Cu25Sb25Se50,27,12.47, 10.1063/1.2218592,-0.248575811,downloaded_cif_TE\mp-20331_CuSbSe2.cif
mp-20331,CuSbSe2,"MSONAtoms(symbols='Cu4Sb4Se8', pbc=True, cell=[3.99298862, 6.38864358, 15.03930416])",4,Cu25Sb25Se50,29,12.19, 10.1063/1.2218592,-0.248575811,downloaded_cif_TE\mp-20331_CuSbSe2.cif
mp-20331,CuSbSe2,"MSONAtoms(symbols='Cu4Sb4Se8', pbc=True, cell=[3.99298862, 6.38864358, 15.03930416])",4,Cu25Sb25Se50,31,11.75, 10.1063/1.2218592,-0.248575811,downloaded_cif_TE\mp-20331_CuSbSe2.cif
mp-20331,CuSbSe2,"MSONAtoms(symbols='Cu4Sb4Se8', pbc=True, cell=[3.99298862, 6.38864358, 15.03930416])",4,Cu25Sb25Se50,32,11.38, 10.1063/1.2218592,-0.248575811,downloaded_cif_TE\mp-20331_CuSbSe2.cif
mp-20331,CuSbSe2,"MSONAtoms(symbols='Cu4Sb4Se8', pbc=True, cell=[3.99298862, 6.38864358, 15.03930416])",4,Cu25Sb25Se50,33,11.09, 10.1063/1.2218592,-0.248575811,downloaded_cif_TE\mp-20331_CuSbSe2.cif
mp-20331,CuSbSe2,"MSONAtoms(symbols='Cu4Sb4Se8', pbc=True, cell=[3.99298862, 6.38864358, 15.03930416])",4,Cu25Sb25Se50,35,10.4, 10.1063/1.2218592,-0.248575811,downloaded_cif_TE\mp-20331_CuSbSe2.cif
mp-20331,CuSbSe2,"MSONAtoms(symbols='Cu4Sb4Se8', pbc=True, cell=[3.99298862, 6.38864358, 15.03930416])",4,Cu25Sb25Se50,40,9.79, 10.1063/1.2218592,-0.248575811,downloaded_cif_TE\mp-20331_CuSbSe2.cif
mp-20331,CuSbSe2,"MSONAtoms(symbols='Cu4Sb4Se8', pbc=True, cell=[3.99298862, 6.38864358, 15.03930416])",4,Cu25Sb25Se50,44,9.1, 10.1063/1.2218592,-0.248575811,downloaded_cif_TE\mp-20331_CuSbSe2.cif
mp-20331,CuSbSe2,"MSONAtoms(symbols='Cu4Sb4Se8', pbc=True, cell=[3.99298862, 6.38864358, 15.03930416])",4,Cu25Sb25Se50,46,8.75, 10.1063/1.2218592,-0.248575811,downloaded_cif_TE\mp-20331_CuSbSe2.cif
mp-20331,CuSbSe2,"MSONAtoms(symbols='Cu4Sb4Se8', pbc=True, cell=[3.99298862, 6.38864358, 15.03930416])",4,Cu25Sb25Se50,49,8.2, 10.1063/1.2218592,-0.248575811,downloaded_cif_TE\mp-20331_CuSbSe2.cif
mp-20331,CuSbSe2,"MSONAtoms(symbols='Cu4Sb4Se8', pbc=True, cell=[3.99298862, 6.38864358, 15.03930416])",4,Cu25Sb25Se50,53,7.66, 10.1063/1.2218592,-0.248575811,downloaded_cif_TE\mp-20331_CuSbSe2.cif
mp-20331,CuSbSe2,"MSONAtoms(symbols='Cu4Sb4Se8', pbc=True, cell=[3.99298862, 6.38864358, 15.03930416])",4,Cu25Sb25Se50,57,7.17, 10.1063/1.2218592,-0.248575811,downloaded_cif_TE\mp-20331_CuSbSe2.cif
mp-20331,CuSbSe2,"MSONAtoms(symbols='Cu4Sb4Se8', pbc=True, cell=[3.99298862, 6.38864358, 15.03930416])",4,Cu25Sb25Se50,61,6.62, 10.1063/1.2218592,-0.248575811,downloaded_cif_TE\mp-20331_CuSbSe2.cif
mp-20331,CuSbSe2,"MSONAtoms(symbols='Cu4Sb4Se8', pbc=True, cell=[3.99298862, 6.38864358, 15.03930416])",4,Cu25Sb25Se50,67,6.24, 10.1063/1.2218592,-0.248575811,downloaded_cif_TE\mp-20331_CuSbSe2.cif
mp-20331,CuSbSe2,"MSONAtoms(symbols='Cu4Sb4Se8', pbc=True, cell=[3.99298862, 6.38864358, 15.03930416])",4,Cu25Sb25Se50,75,5.67, 10.1063/1.2218592,-0.248575811,downloaded_cif_TE\mp-20331_CuSbSe2.cif
mp-20331,CuSbSe2,"MSONAtoms(symbols='Cu4Sb4Se8', pbc=True, cell=[3.99298862, 6.38864358, 15.03930416])",4,Cu25Sb25Se50,81,5.03, 10.1063/1.2218592,-0.248575811,downloaded_cif_TE\mp-20331_CuSbSe2.cif
mp-20331,CuSbSe2,"MSONAtoms(symbols='Cu4Sb4Se8', pbc=True, cell=[3.99298862, 6.38864358, 15.03930416])",4,Cu25Sb25Se50,89,4.74, 10.1063/1.2218592,-0.248575811,downloaded_cif_TE\mp-20331_CuSbSe2.cif
mp-20331,CuSbSe2,"MSONAtoms(symbols='Cu4Sb4Se8', pbc=True, cell=[3.99298862, 6.38864358, 15.03930416])",4,Cu25Sb25Se50,96,4.37, 10.1063/1.2218592,-0.248575811,downloaded_cif_TE\mp-20331_CuSbSe2.cif
mp-20331,CuSbSe2,"MSONAtoms(symbols='Cu4Sb4Se8', pbc=True, cell=[3.99298862, 6.38864358, 15.03930416])",4,Cu25Sb25Se50,105,3.97, 10.1063/1.2218592,-0.248575811,downloaded_cif_TE\mp-20331_CuSbSe2.cif
mp-20331,CuSbSe2,"MSONAtoms(symbols='Cu4Sb4Se8', pbc=True, cell=[3.99298862, 6.38864358, 15.03930416])",4,Cu25Sb25Se50,116,3.65, 10.1063/1.2218592,-0.248575811,downloaded_cif_TE\mp-20331_CuSbSe2.cif
mp-20331,CuSbSe2,"MSONAtoms(symbols='Cu4Sb4Se8', pbc=True, cell=[3.99298862, 6.38864358, 15.03930416])",4,Cu25Sb25Se50,125,3.45, 10.1063/1.2218592,-0.248575811,downloaded_cif_TE\mp-20331_CuSbSe2.cif
mp-20331,CuSbSe2,"MSONAtoms(symbols='Cu4Sb4Se8', pbc=True, cell=[3.99298862, 6.38864358, 15.03930416])",4,Cu25Sb25Se50,135,3.13, 10.1063/1.2218592,-0.248575811,downloaded_cif_TE\mp-20331_CuSbSe2.cif
mp-20331,CuSbSe2,"MSONAtoms(symbols='Cu4Sb4Se8', pbc=True, cell=[3.99298862, 6.38864358, 15.03930416])",4,Cu25Sb25Se50,149,2.9, 10.1063/1.2218592,-0.248575811,downloaded_cif_TE\mp-20331_CuSbSe2.cif
mp-20331,CuSbSe2,"MSONAtoms(symbols='Cu4Sb4Se8', pbc=True, cell=[3.99298862, 6.38864358, 15.03930416])",4,Cu25Sb25Se50,159,2.79, 10.1063/1.2218592,-0.248575811,downloaded_cif_TE\mp-20331_CuSbSe2.cif
mp-20331,CuSbSe2,"MSONAtoms(symbols='Cu4Sb4Se8', pbc=True, cell=[3.99298862, 6.38864358, 15.03930416])",4,Cu25Sb25Se50,171,2.67, 10.1063/1.2218592,-0.248575811,downloaded_cif_TE\mp-20331_CuSbSe2.cif
mp-20331,CuSbSe2,"MSONAtoms(symbols='Cu4Sb4Se8', pbc=True, cell=[3.99298862, 6.38864358, 15.03930416])",4,Cu25Sb25Se50,183,2.44, 10.1063/1.2218592,-0.248575811,downloaded_cif_TE\mp-20331_CuSbSe2.cif
mp-20331,CuSbSe2,"MSONAtoms(symbols='Cu4Sb4Se8', pbc=True, cell=[3.99298862, 6.38864358, 15.03930416])",4,Cu25Sb25Se50,194,2.42, 10.1063/1.2218592,-0.248575811,downloaded_cif_TE\mp-20331_CuSbSe2.cif
mp-20331,CuSbSe2,"MSONAtoms(symbols='Cu4Sb4Se8', pbc=True, cell=[3.99298862, 6.38864358, 15.03930416])",4,Cu25Sb25Se50,207,2.27, 10.1063/1.2218592,-0.248575811,downloaded_cif_TE\mp-20331_CuSbSe2.cif
mp-20331,CuSbSe2,"MSONAtoms(symbols='Cu4Sb4Se8', pbc=True, cell=[3.99298862, 6.38864358, 15.03930416])",4,Cu25Sb25Se50,219,2.25, 10.1063/1.2218592,-0.248575811,downloaded_cif_TE\mp-20331_CuSbSe2.cif
mp-20331,CuSbSe2,"MSONAtoms(symbols='Cu4Sb4Se8', pbc=True, cell=[3.99298862, 6.38864358, 15.03930416])",4,Cu25Sb25Se50,230,2.22, 10.1063/1.2218592,-0.248575811,downloaded_cif_TE\mp-20331_CuSbSe2.cif
mp-20331,CuSbSe2,"MSONAtoms(symbols='Cu4Sb4Se8', pbc=True, cell=[3.99298862, 6.38864358, 15.03930416])",4,Cu25Sb25Se50,241,2.16, 10.1063/1.2218592,-0.248575811,downloaded_cif_TE\mp-20331_CuSbSe2.cif
mp-20331,CuSbSe2,"MSONAtoms(symbols='Cu4Sb4Se8', pbc=True, cell=[3.99298862, 6.38864358, 15.03930416])",4,Cu25Sb25Se50,253,2.19, 10.1063/1.2218592,-0.248575811,downloaded_cif_TE\mp-20331_CuSbSe2.cif
mp-20331,CuSbSe2,"MSONAtoms(symbols='Cu4Sb4Se8', pbc=True, cell=[3.99298862, 6.38864358, 15.03930416])",4,Cu25Sb25Se50,267,2.14, 10.1063/1.2218592,-0.248575811,downloaded_cif_TE\mp-20331_CuSbSe2.cif
mp-20331,CuSbSe2,"MSONAtoms(symbols='Cu4Sb4Se8', pbc=True, cell=[3.99298862, 6.38864358, 15.03930416])",4,Cu25Sb25Se50,277,2.11, 10.1063/1.2218592,-0.248575811,downloaded_cif_TE\mp-20331_CuSbSe2.cif
mp-20331,CuSbSe2,"MSONAtoms(symbols='Cu4Sb4Se8', pbc=True, cell=[3.99298862, 6.38864358, 15.03930416])",4,Cu25Sb25Se50,288,2.11, 10.1063/1.2218592,-0.248575811,downloaded_cif_TE\mp-20331_CuSbSe2.cif
mp-20331,CuSbSe2,"MSONAtoms(symbols='Cu4Sb4Se8', pbc=True, cell=[3.99298862, 6.38864358, 15.03930416])",4,Cu25Sb25Se50,299,2.08, 10.1063/1.2218592,-0.248575811,downloaded_cif_TE\mp-20331_CuSbSe2.cif
mp-20331,CuSbSe2,"MSONAtoms(symbols='Cu4Sb4Se8', pbc=True, cell=[3.99298862, 6.38864358, 15.03930416])",4,Cu25Sb25Se50,310,2.08, 10.1063/1.2218592,-0.248575811,downloaded_cif_TE\mp-20331_CuSbSe2.cif
mp-1196139,Mg3Sb2,"MSONAtoms(symbols='Mg24Sb16', pbc=True, cell=[[-6.65230025, -6.65230025, 6.65230025], [-6.65230025, 6.65230025, -6.65230025], [6.65230025, -6.65230025, -6.65230025]])",5,Mg60Sb40,22,0.36, 10.1016/j.jallcom.2009.04.130,-0.428131339,downloaded_cif_TE\mp-1196139_Mg3Sb2.cif
mp-1196139,Mg3Sb2,"MSONAtoms(symbols='Mg24Sb16', pbc=True, cell=[[-6.65230025, -6.65230025, 6.65230025], [-6.65230025, 6.65230025, -6.65230025], [6.65230025, -6.65230025, -6.65230025]])",5,Mg60Sb40,40,0.48, 10.1016/j.jallcom.2009.04.130,-0.428131339,downloaded_cif_TE\mp-1196139_Mg3Sb2.cif
mp-1196139,Mg3Sb2,"MSONAtoms(symbols='Mg24Sb16', pbc=True, cell=[[-6.65230025, -6.65230025, 6.65230025], [-6.65230025, 6.65230025, -6.65230025], [6.65230025, -6.65230025, -6.65230025]])",5,Mg60Sb40,59,0.6, 10.1016/j.jallcom.2009.04.130,-0.428131339,downloaded_cif_TE\mp-1196139_Mg3Sb2.cif
mp-1196139,Mg3Sb2,"MSONAtoms(symbols='Mg24Sb16', pbc=True, cell=[[-6.65230025, -6.65230025, 6.65230025], [-6.65230025, 6.65230025, -6.65230025], [6.65230025, -6.65230025, -6.65230025]])",5,Mg60Sb40,77,0.7, 10.1016/j.jallcom.2009.04.130,-0.428131339,downloaded_cif_TE\mp-1196139_Mg3Sb2.cif
mp-1196139,Mg3Sb2,"MSONAtoms(symbols='Mg24Sb16', pbc=True, cell=[[-6.65230025, -6.65230025, 6.65230025], [-6.65230025, 6.65230025, -6.65230025], [6.65230025, -6.65230025, -6.65230025]])",5,Mg60Sb40,95,0.76, 10.1016/j.jallcom.2009.04.130,-0.428131339,downloaded_cif_TE\mp-1196139_Mg3Sb2.cif
mp-1196139,Mg3Sb2,"MSONAtoms(symbols='Mg24Sb16', pbc=True, cell=[[-6.65230025, -6.65230025, 6.65230025], [-6.65230025, 6.65230025, -6.65230025], [6.65230025, -6.65230025, -6.65230025]])",5,Mg60Sb40,112,0.8, 10.1016/j.jallcom.2009.04.130,-0.428131339,downloaded_cif_TE\mp-1196139_Mg3Sb2.cif
mp-1196139,Mg3Sb2,"MSONAtoms(symbols='Mg24Sb16', pbc=True, cell=[[-6.65230025, -6.65230025, 6.65230025], [-6.65230025, 6.65230025, -6.65230025], [6.65230025, -6.65230025, -6.65230025]])",5,Mg60Sb40,129,0.83, 10.1016/j.jallcom.2009.04.130,-0.428131339,downloaded_cif_TE\mp-1196139_Mg3Sb2.cif
mp-1196139,Mg3Sb2,"MSONAtoms(symbols='Mg24Sb16', pbc=True, cell=[[-6.65230025, -6.65230025, 6.65230025], [-6.65230025, 6.65230025, -6.65230025], [6.65230025, -6.65230025, -6.65230025]])",5,Mg60Sb40,146,0.87, 10.1016/j.jallcom.2009.04.130,-0.428131339,downloaded_cif_TE\mp-1196139_Mg3Sb2.cif
mp-1196139,Mg3Sb2,"MSONAtoms(symbols='Mg24Sb16', pbc=True, cell=[[-6.65230025, -6.65230025, 6.65230025], [-6.65230025, 6.65230025, -6.65230025], [6.65230025, -6.65230025, -6.65230025]])",5,Mg60Sb40,162,0.92, 10.1016/j.jallcom.2009.04.130,-0.428131339,downloaded_cif_TE\mp-1196139_Mg3Sb2.cif
mp-1196139,Mg3Sb2,"MSONAtoms(symbols='Mg24Sb16', pbc=True, cell=[[-6.65230025, -6.65230025, 6.65230025], [-6.65230025, 6.65230025, -6.65230025], [6.65230025, -6.65230025, -6.65230025]])",5,Mg60Sb40,177,0.97, 10.1016/j.jallcom.2009.04.130,-0.428131339,downloaded_cif_TE\mp-1196139_Mg3Sb2.cif
mp-1196139,Mg3Sb2,"MSONAtoms(symbols='Mg24Sb16', pbc=True, cell=[[-6.65230025, -6.65230025, 6.65230025], [-6.65230025, 6.65230025, -6.65230025], [6.65230025, -6.65230025, -6.65230025]])",5,Mg60Sb40,195,1.05, 10.1016/j.jallcom.2009.04.130,-0.428131339,downloaded_cif_TE\mp-1196139_Mg3Sb2.cif
mp-1196139,Mg3Sb2,"MSONAtoms(symbols='Mg24Sb16', pbc=True, cell=[[-6.65230025, -6.65230025, 6.65230025], [-6.65230025, 6.65230025, -6.65230025], [6.65230025, -6.65230025, -6.65230025]])",5,Mg60Sb40,210,1.13, 10.1016/j.jallcom.2009.04.130,-0.428131339,downloaded_cif_TE\mp-1196139_Mg3Sb2.cif
mp-1196139,Mg3Sb2,"MSONAtoms(symbols='Mg24Sb16', pbc=True, cell=[[-6.65230025, -6.65230025, 6.65230025], [-6.65230025, 6.65230025, -6.65230025], [6.65230025, -6.65230025, -6.65230025]])",5,Mg60Sb40,225,1.21, 10.1016/j.jallcom.2009.04.130,-0.428131339,downloaded_cif_TE\mp-1196139_Mg3Sb2.cif
mp-1196139,Mg3Sb2,"MSONAtoms(symbols='Mg24Sb16', pbc=True, cell=[[-6.65230025, -6.65230025, 6.65230025], [-6.65230025, 6.65230025, -6.65230025], [6.65230025, -6.65230025, -6.65230025]])",5,Mg60Sb40,240,1.31, 10.1016/j.jallcom.2009.04.130,-0.428131339,downloaded_cif_TE\mp-1196139_Mg3Sb2.cif
mp-1196139,Mg3Sb2,"MSONAtoms(symbols='Mg24Sb16', pbc=True, cell=[[-6.65230025, -6.65230025, 6.65230025], [-6.65230025, 6.65230025, -6.65230025], [6.65230025, -6.65230025, -6.65230025]])",5,Mg60Sb40,255,1.44, 10.1016/j.jallcom.2009.04.130,-0.428131339,downloaded_cif_TE\mp-1196139_Mg3Sb2.cif
mp-1196139,Mg3Sb2,"MSONAtoms(symbols='Mg24Sb16', pbc=True, cell=[[-6.65230025, -6.65230025, 6.65230025], [-6.65230025, 6.65230025, -6.65230025], [6.65230025, -6.65230025, -6.65230025]])",5,Mg60Sb40,269,1.54, 10.1016/j.jallcom.2009.04.130,-0.428131339,downloaded_cif_TE\mp-1196139_Mg3Sb2.cif
mp-1196139,Mg3Sb2,"MSONAtoms(symbols='Mg24Sb16', pbc=True, cell=[[-6.65230025, -6.65230025, 6.65230025], [-6.65230025, 6.65230025, -6.65230025], [6.65230025, -6.65230025, -6.65230025]])",5,Mg60Sb40,284,1.65, 10.1016/j.jallcom.2009.04.130,-0.428131339,downloaded_cif_TE\mp-1196139_Mg3Sb2.cif
mp-1196139,Mg3Sb2,"MSONAtoms(symbols='Mg24Sb16', pbc=True, cell=[[-6.65230025, -6.65230025, 6.65230025], [-6.65230025, 6.65230025, -6.65230025], [6.65230025, -6.65230025, -6.65230025]])",5,Mg60Sb40,300,1.77, 10.1016/j.jallcom.2009.04.130,-0.428131339,downloaded_cif_TE\mp-1196139_Mg3Sb2.cif
mp-1196139,Mg3Sb2,"MSONAtoms(symbols='Mg24Sb16', pbc=True, cell=[[-6.65230025, -6.65230025, 6.65230025], [-6.65230025, 6.65230025, -6.65230025], [6.65230025, -6.65230025, -6.65230025]])",5,Mg60Sb40,306,1.91, 10.1016/j.jallcom.2009.04.130,-0.428131339,downloaded_cif_TE\mp-1196139_Mg3Sb2.cif
mp-1196139,Mg3Sb2,"MSONAtoms(symbols='Mg24Sb16', pbc=True, cell=[[-6.65230025, -6.65230025, 6.65230025], [-6.65230025, 6.65230025, -6.65230025], [6.65230025, -6.65230025, -6.65230025]])",5,Mg60Sb40,298,1.4, 10.1016/j.actamat.2015.04.023,-0.428131339,downloaded_cif_TE\mp-1196139_Mg3Sb2.cif
mp-1196139,Mg3Sb2,"MSONAtoms(symbols='Mg24Sb16', pbc=True, cell=[[-6.65230025, -6.65230025, 6.65230025], [-6.65230025, 6.65230025, -6.65230025], [6.65230025, -6.65230025, -6.65230025]])",5,Mg60Sb40,325,1.32, 10.1016/j.actamat.2015.04.023,-0.428131339,downloaded_cif_TE\mp-1196139_Mg3Sb2.cif
mp-1196139,Mg3Sb2,"MSONAtoms(symbols='Mg24Sb16', pbc=True, cell=[[-6.65230025, -6.65230025, 6.65230025], [-6.65230025, 6.65230025, -6.65230025], [6.65230025, -6.65230025, -6.65230025]])",5,Mg60Sb40,370,1.19, 10.1016/j.actamat.2015.04.023,-0.428131339,downloaded_cif_TE\mp-1196139_Mg3Sb2.cif
mp-1196139,Mg3Sb2,"MSONAtoms(symbols='Mg24Sb16', pbc=True, cell=[[-6.65230025, -6.65230025, 6.65230025], [-6.65230025, 6.65230025, -6.65230025], [6.65230025, -6.65230025, -6.65230025]])",5,Mg60Sb40,423,1.09, 10.1016/j.actamat.2015.04.023,-0.428131339,downloaded_cif_TE\mp-1196139_Mg3Sb2.cif
mp-1196139,Mg3Sb2,"MSONAtoms(symbols='Mg24Sb16', pbc=True, cell=[[-6.65230025, -6.65230025, 6.65230025], [-6.65230025, 6.65230025, -6.65230025], [6.65230025, -6.65230025, -6.65230025]])",5,Mg60Sb40,472,0.99, 10.1016/j.actamat.2015.04.023,-0.428131339,downloaded_cif_TE\mp-1196139_Mg3Sb2.cif
mp-1196139,Mg3Sb2,"MSONAtoms(symbols='Mg24Sb16', pbc=True, cell=[[-6.65230025, -6.65230025, 6.65230025], [-6.65230025, 6.65230025, -6.65230025], [6.65230025, -6.65230025, -6.65230025]])",5,Mg60Sb40,522,0.91, 10.1016/j.actamat.2015.04.023,-0.428131339,downloaded_cif_TE\mp-1196139_Mg3Sb2.cif
mp-1196139,Mg3Sb2,"MSONAtoms(symbols='Mg24Sb16', pbc=True, cell=[[-6.65230025, -6.65230025, 6.65230025], [-6.65230025, 6.65230025, -6.65230025], [6.65230025, -6.65230025, -6.65230025]])",5,Mg60Sb40,572,0.87, 10.1016/j.actamat.2015.04.023,-0.428131339,downloaded_cif_TE\mp-1196139_Mg3Sb2.cif
mp-1196139,Mg3Sb2,"MSONAtoms(symbols='Mg24Sb16', pbc=True, cell=[[-6.65230025, -6.65230025, 6.65230025], [-6.65230025, 6.65230025, -6.65230025], [6.65230025, -6.65230025, -6.65230025]])",5,Mg60Sb40,619,0.82, 10.1016/j.actamat.2015.04.023,-0.428131339,downloaded_cif_TE\mp-1196139_Mg3Sb2.cif
mp-1196139,Mg3Sb2,"MSONAtoms(symbols='Mg24Sb16', pbc=True, cell=[[-6.65230025, -6.65230025, 6.65230025], [-6.65230025, 6.65230025, -6.65230025], [6.65230025, -6.65230025, -6.65230025]])",5,Mg60Sb40,667,0.79, 10.1016/j.actamat.2015.04.023,-0.428131339,downloaded_cif_TE\mp-1196139_Mg3Sb2.cif
mp-1196139,Mg3Sb2,"MSONAtoms(symbols='Mg24Sb16', pbc=True, cell=[[-6.65230025, -6.65230025, 6.65230025], [-6.65230025, 6.65230025, -6.65230025], [6.65230025, -6.65230025, -6.65230025]])",5,Mg60Sb40,721,0.79, 10.1016/j.actamat.2015.04.023,-0.428131339,downloaded_cif_TE\mp-1196139_Mg3Sb2.cif
mp-1196139,Mg3Sb2,"MSONAtoms(symbols='Mg24Sb16', pbc=True, cell=[[-6.65230025, -6.65230025, 6.65230025], [-6.65230025, 6.65230025, -6.65230025], [6.65230025, -6.65230025, -6.65230025]])",5,Mg60Sb40,769,0.8, 10.1016/j.actamat.2015.04.023,-0.428131339,downloaded_cif_TE\mp-1196139_Mg3Sb2.cif
mp-27916,AgBiSe2,"MSONAtoms(symbols='Ag3Bi3Se6', pbc=True, cell=[[4.17172187, 0.0, 0.0], [-2.08586093, 3.61281642, 0.0], [0.0, -0.0, 19.75476391]])",4,Ag25Bi25Se50,297,0.65,https://pubs.acs.org/doi/10.1021/ja312474n,-0.496019999,downloaded_cif_TE\mp-27916_AgBiSe2.cif
mp-27916,AgBiSe2,"MSONAtoms(symbols='Ag3Bi3Se6', pbc=True, cell=[[4.17172187, 0.0, 0.0], [-2.08586093, 3.61281642, 0.0], [0.0, -0.0, 19.75476391]])",4,Ag25Bi25Se50,329,0.66,https://pubs.acs.org/doi/10.1021/ja312474n,-0.496019999,downloaded_cif_TE\mp-27916_AgBiSe2.cif
mp-27916,AgBiSe2,"MSONAtoms(symbols='Ag3Bi3Se6', pbc=True, cell=[[4.17172187, 0.0, 0.0], [-2.08586093, 3.61281642, 0.0], [0.0, -0.0, 19.75476391]])",4,Ag25Bi25Se50,377,0.67,https://pubs.acs.org/doi/10.1021/ja312474n,-0.496019999,downloaded_cif_TE\mp-27916_AgBiSe2.cif
mp-27916,AgBiSe2,"MSONAtoms(symbols='Ag3Bi3Se6', pbc=True, cell=[[4.17172187, 0.0, 0.0], [-2.08586093, 3.61281642, 0.0], [0.0, -0.0, 19.75476391]])",4,Ag25Bi25Se50,427,0.68,https://pubs.acs.org/doi/10.1021/ja312474n,-0.496019999,downloaded_cif_TE\mp-27916_AgBiSe2.cif
mp-27916,AgBiSe2,"MSONAtoms(symbols='Ag3Bi3Se6', pbc=True, cell=[[4.17172187, 0.0, 0.0], [-2.08586093, 3.61281642, 0.0], [0.0, -0.0, 19.75476391]])",4,Ag25Bi25Se50,477,0.64,https://pubs.acs.org/doi/10.1021/ja312474n,-0.496019999,downloaded_cif_TE\mp-27916_AgBiSe2.cif
mp-27916,AgBiSe2,"MSONAtoms(symbols='Ag3Bi3Se6', pbc=True, cell=[[4.17172187, 0.0, 0.0], [-2.08586093, 3.61281642, 0.0], [0.0, -0.0, 19.75476391]])",4,Ag25Bi25Se50,527,0.58,https://pubs.acs.org/doi/10.1021/ja312474n,-0.496019999,downloaded_cif_TE\mp-27916_AgBiSe2.cif
mp-27916,AgBiSe2,"MSONAtoms(symbols='Ag3Bi3Se6', pbc=True, cell=[[4.17172187, 0.0, 0.0], [-2.08586093, 3.61281642, 0.0], [0.0, -0.0, 19.75476391]])",4,Ag25Bi25Se50,576,0.43,https://pubs.acs.org/doi/10.1021/ja312474n,-0.496019999,downloaded_cif_TE\mp-27916_AgBiSe2.cif
mp-27916,AgBiSe2,"MSONAtoms(symbols='Ag3Bi3Se6', pbc=True, cell=[[4.17172187, 0.0, 0.0], [-2.08586093, 3.61281642, 0.0], [0.0, -0.0, 19.75476391]])",4,Ag25Bi25Se50,627,0.45,https://pubs.acs.org/doi/10.1021/ja312474n,-0.496019999,downloaded_cif_TE\mp-27916_AgBiSe2.cif
mp-27916,AgBiSe2,"MSONAtoms(symbols='Ag3Bi3Se6', pbc=True, cell=[[4.17172187, 0.0, 0.0], [-2.08586093, 3.61281642, 0.0], [0.0, -0.0, 19.75476391]])",4,Ag25Bi25Se50,678,0.46,https://pubs.acs.org/doi/10.1021/ja312474n,-0.496019999,downloaded_cif_TE\mp-27916_AgBiSe2.cif
mp-27916,AgBiSe2,"MSONAtoms(symbols='Ag3Bi3Se6', pbc=True, cell=[[4.17172187, 0.0, 0.0], [-2.08586093, 3.61281642, 0.0], [0.0, -0.0, 19.75476391]])",4,Ag25Bi25Se50,727,0.47,https://pubs.acs.org/doi/10.1021/ja312474n,-0.496019999,downloaded_cif_TE\mp-27916_AgBiSe2.cif
mp-27916,AgBiSe2,"MSONAtoms(symbols='Ag3Bi3Se6', pbc=True, cell=[[4.17172187, 0.0, 0.0], [-2.08586093, 3.61281642, 0.0], [0.0, -0.0, 19.75476391]])",4,Ag25Bi25Se50,776,0.49,https://pubs.acs.org/doi/10.1021/ja312474n,-0.496019999,downloaded_cif_TE\mp-27916_AgBiSe2.cif
mp-691,SnSe,"MSONAtoms(symbols='Sn4Se4', pbc=True, cell=[4.70090745, 4.12625095, 11.6644585])",2,Sn50Se50,301,0.9, 10.1002/aenm.201500360,-0.453546308,downloaded_cif_TE\mp-691_SnSe.cif
mp-691,SnSe,"MSONAtoms(symbols='Sn4Se4', pbc=True, cell=[4.70090745, 4.12625095, 11.6644585])",2,Sn50Se50,371,0.7, 10.1002/aenm.201500360,-0.453546308,downloaded_cif_TE\mp-691_SnSe.cif
mp-691,SnSe,"MSONAtoms(symbols='Sn4Se4', pbc=True, cell=[4.70090745, 4.12625095, 11.6644585])",2,Sn50Se50,472,0.55, 10.1002/aenm.201500360,-0.453546308,downloaded_cif_TE\mp-691_SnSe.cif
mp-691,SnSe,"MSONAtoms(symbols='Sn4Se4', pbc=True, cell=[4.70090745, 4.12625095, 11.6644585])",2,Sn50Se50,571,0.48, 10.1002/aenm.201500360,-0.453546308,downloaded_cif_TE\mp-691_SnSe.cif
mp-691,SnSe,"MSONAtoms(symbols='Sn4Se4', pbc=True, cell=[4.70090745, 4.12625095, 11.6644585])",2,Sn50Se50,670,0.46, 10.1002/aenm.201500360,-0.453546308,downloaded_cif_TE\mp-691_SnSe.cif
mp-691,SnSe,"MSONAtoms(symbols='Sn4Se4', pbc=True, cell=[4.70090745, 4.12625095, 11.6644585])",2,Sn50Se50,770,0.4, 10.1002/aenm.201500360,-0.453546308,downloaded_cif_TE\mp-691_SnSe.cif
mp-22811,InCuSe2,"MSONAtoms(symbols='In2Cu2Se4', pbc=True, cell=[[5.30343187, 0.0, -2.36287905], [-1.05275226, 5.19789387, -2.36287906], [-0.00154665, -0.00189174, 7.12968618]])",4,Cu25In25Se50,324,4.61, 10.1103/PhysRevB.84.075203,-0.555774406,downloaded_cif_TE\mp-22811_InCuSe2.cif
mp-22811,InCuSe2,"MSONAtoms(symbols='In2Cu2Se4', pbc=True, cell=[[5.30343187, 0.0, -2.36287905], [-1.05275226, 5.19789387, -2.36287906], [-0.00154665, -0.00189174, 7.12968618]])",4,Cu25In25Se50,349,4.09, 10.1103/PhysRevB.84.075203,-0.555774406,downloaded_cif_TE\mp-22811_InCuSe2.cif
mp-22811,InCuSe2,"MSONAtoms(symbols='In2Cu2Se4', pbc=True, cell=[[5.30343187, 0.0, -2.36287905], [-1.05275226, 5.19789387, -2.36287906], [-0.00154665, -0.00189174, 7.12968618]])",4,Cu25In25Se50,374,3.68, 10.1103/PhysRevB.84.075203,-0.555774406,downloaded_cif_TE\mp-22811_InCuSe2.cif
mp-22811,InCuSe2,"MSONAtoms(symbols='In2Cu2Se4', pbc=True, cell=[[5.30343187, 0.0, -2.36287905], [-1.05275226, 5.19789387, -2.36287906], [-0.00154665, -0.00189174, 7.12968618]])",4,Cu25In25Se50,399,3.36, 10.1103/PhysRevB.84.075203,-0.555774406,downloaded_cif_TE\mp-22811_InCuSe2.cif
mp-22811,InCuSe2,"MSONAtoms(symbols='In2Cu2Se4', pbc=True, cell=[[5.30343187, 0.0, -2.36287905], [-1.05275226, 5.19789387, -2.36287906], [-0.00154665, -0.00189174, 7.12968618]])",4,Cu25In25Se50,424,3.07, 10.1103/PhysRevB.84.075203,-0.555774406,downloaded_cif_TE\mp-22811_InCuSe2.cif
mp-22811,InCuSe2,"MSONAtoms(symbols='In2Cu2Se4', pbc=True, cell=[[5.30343187, 0.0, -2.36287905], [-1.05275226, 5.19789387, -2.36287906], [-0.00154665, -0.00189174, 7.12968618]])",4,Cu25In25Se50,449,2.82, 10.1103/PhysRevB.84.075203,-0.555774406,downloaded_cif_TE\mp-22811_InCuSe2.cif
mp-22811,InCuSe2,"MSONAtoms(symbols='In2Cu2Se4', pbc=True, cell=[[5.30343187, 0.0, -2.36287905], [-1.05275226, 5.19789387, -2.36287906], [-0.00154665, -0.00189174, 7.12968618]])",4,Cu25In25Se50,473,2.51, 10.1103/PhysRevB.84.075203,-0.555774406,downloaded_cif_TE\mp-22811_InCuSe2.cif
mp-22811,InCuSe2,"MSONAtoms(symbols='In2Cu2Se4', pbc=True, cell=[[5.30343187, 0.0, -2.36287905], [-1.05275226, 5.19789387, -2.36287906], [-0.00154665, -0.00189174, 7.12968618]])",4,Cu25In25Se50,499,2.33, 10.1103/PhysRevB.84.075203,-0.555774406,downloaded_cif_TE\mp-22811_InCuSe2.cif
mp-22811,InCuSe2,"MSONAtoms(symbols='In2Cu2Se4', pbc=True, cell=[[5.30343187, 0.0, -2.36287905], [-1.05275226, 5.19789387, -2.36287906], [-0.00154665, -0.00189174, 7.12968618]])",4,Cu25In25Se50,524,2.16, 10.1103/PhysRevB.84.075203,-0.555774406,downloaded_cif_TE\mp-22811_InCuSe2.cif
mp-22811,InCuSe2,"MSONAtoms(symbols='In2Cu2Se4', pbc=True, cell=[[5.30343187, 0.0, -2.36287905], [-1.05275226, 5.19789387, -2.36287906], [-0.00154665, -0.00189174, 7.12968618]])",4,Cu25In25Se50,548,2, 10.1103/PhysRevB.84.075203,-0.555774406,downloaded_cif_TE\mp-22811_InCuSe2.cif
mp-22811,InCuSe2,"MSONAtoms(symbols='In2Cu2Se4', pbc=True, cell=[[5.30343187, 0.0, -2.36287905], [-1.05275226, 5.19789387, -2.36287906], [-0.00154665, -0.00189174, 7.12968618]])",4,Cu25In25Se50,575,1.87, 10.1103/PhysRevB.84.075203,-0.555774406,downloaded_cif_TE\mp-22811_InCuSe2.cif
mp-27916,AgBiSe2,"MSONAtoms(symbols='Ag3Bi3Se6', pbc=True, cell=[[4.17172187, 0.0, 0.0], [-2.08586093, 3.61281642, 0.0], [0.0, -0.0, 19.75476391]])",4,Ag25Bi25Se50,300,0.79, 10.1039/C9RA00077A,-0.496019999,downloaded_cif_TE\mp-27916_AgBiSe2.cif
mp-27916,AgBiSe2,"MSONAtoms(symbols='Ag3Bi3Se6', pbc=True, cell=[[4.17172187, 0.0, 0.0], [-2.08586093, 3.61281642, 0.0], [0.0, -0.0, 19.75476391]])",4,Ag25Bi25Se50,346,0.73, 10.1039/C9RA00077A,-0.496019999,downloaded_cif_TE\mp-27916_AgBiSe2.cif
mp-27916,AgBiSe2,"MSONAtoms(symbols='Ag3Bi3Se6', pbc=True, cell=[[4.17172187, 0.0, 0.0], [-2.08586093, 3.61281642, 0.0], [0.0, -0.0, 19.75476391]])",4,Ag25Bi25Se50,399,0.69, 10.1039/C9RA00077A,-0.496019999,downloaded_cif_TE\mp-27916_AgBiSe2.cif
mp-27916,AgBiSe2,"MSONAtoms(symbols='Ag3Bi3Se6', pbc=True, cell=[[4.17172187, 0.0, 0.0], [-2.08586093, 3.61281642, 0.0], [0.0, -0.0, 19.75476391]])",4,Ag25Bi25Se50,451,0.66, 10.1039/C9RA00077A,-0.496019999,downloaded_cif_TE\mp-27916_AgBiSe2.cif
mp-27916,AgBiSe2,"MSONAtoms(symbols='Ag3Bi3Se6', pbc=True, cell=[[4.17172187, 0.0, 0.0], [-2.08586093, 3.61281642, 0.0], [0.0, -0.0, 19.75476391]])",4,Ag25Bi25Se50,498,0.64, 10.1039/C9RA00077A,-0.496019999,downloaded_cif_TE\mp-27916_AgBiSe2.cif
mp-27916,AgBiSe2,"MSONAtoms(symbols='Ag3Bi3Se6', pbc=True, cell=[[4.17172187, 0.0, 0.0], [-2.08586093, 3.61281642, 0.0], [0.0, -0.0, 19.75476391]])",4,Ag25Bi25Se50,550,0.6, 10.1039/C9RA00077A,-0.496019999,downloaded_cif_TE\mp-27916_AgBiSe2.cif
mp-27916,AgBiSe2,"MSONAtoms(symbols='Ag3Bi3Se6', pbc=True, cell=[[4.17172187, 0.0, 0.0], [-2.08586093, 3.61281642, 0.0], [0.0, -0.0, 19.75476391]])",4,Ag25Bi25Se50,598,0.58, 10.1039/C9RA00077A,-0.496019999,downloaded_cif_TE\mp-27916_AgBiSe2.cif
mp-27916,AgBiSe2,"MSONAtoms(symbols='Ag3Bi3Se6', pbc=True, cell=[[4.17172187, 0.0, 0.0], [-2.08586093, 3.61281642, 0.0], [0.0, -0.0, 19.75476391]])",4,Ag25Bi25Se50,650,0.56, 10.1039/C9RA00077A,-0.496019999,downloaded_cif_TE\mp-27916_AgBiSe2.cif
mp-27916,AgBiSe2,"MSONAtoms(symbols='Ag3Bi3Se6', pbc=True, cell=[[4.17172187, 0.0, 0.0], [-2.08586093, 3.61281642, 0.0], [0.0, -0.0, 19.75476391]])",4,Ag25Bi25Se50,697,0.54, 10.1039/C9RA00077A,-0.496019999,downloaded_cif_TE\mp-27916_AgBiSe2.cif
mp-20554,InAgSe2,"MSONAtoms(symbols='In2Ag2Se4', pbc=True, cell=[[5.56639428, -0.0, -2.58113602], [-1.19687241, 5.43619846, -2.58113601], [0.0375852, 0.04676096, 7.3737763]])",4,Ag25In25Se50,374,0.62, 10.1016/j.nanoen.2025.111491,-0.651237781,downloaded_cif_TE\mp-20554_InAgSe2.cif
mp-20554,InAgSe2,"MSONAtoms(symbols='In2Ag2Se4', pbc=True, cell=[[5.56639428, -0.0, -2.58113602], [-1.19687241, 5.43619846, -2.58113601], [0.0375852, 0.04676096, 7.3737763]])",4,Ag25In25Se50,422,0.5, 10.1016/j.nanoen.2025.111491,-0.651237781,downloaded_cif_TE\mp-20554_InAgSe2.cif
mp-20554,InAgSe2,"MSONAtoms(symbols='In2Ag2Se4', pbc=True, cell=[[5.56639428, -0.0, -2.58113602], [-1.19687241, 5.43619846, -2.58113601], [0.0375852, 0.04676096, 7.3737763]])",4,Ag25In25Se50,473,0.45, 10.1016/j.nanoen.2025.111491,-0.651237781,downloaded_cif_TE\mp-20554_InAgSe2.cif
mp-20554,InAgSe2,"MSONAtoms(symbols='In2Ag2Se4', pbc=True, cell=[[5.56639428, -0.0, -2.58113602], [-1.19687241, 5.43619846, -2.58113601], [0.0375852, 0.04676096, 7.3737763]])",4,Ag25In25Se50,524,0.4, 10.1016/j.nanoen.2025.111491,-0.651237781,downloaded_cif_TE\mp-20554_InAgSe2.cif
mp-20554,InAgSe2,"MSONAtoms(symbols='In2Ag2Se4', pbc=True, cell=[[5.56639428, -0.0, -2.58113602], [-1.19687241, 5.43619846, -2.58113601], [0.0375852, 0.04676096, 7.3737763]])",4,Ag25In25Se50,573,0.38, 10.1016/j.nanoen.2025.111491,-0.651237781,downloaded_cif_TE\mp-20554_InAgSe2.cif
mp-20554,InAgSe2,"MSONAtoms(symbols='In2Ag2Se4', pbc=True, cell=[[5.56639428, -0.0, -2.58113602], [-1.19687241, 5.43619846, -2.58113601], [0.0375852, 0.04676096, 7.3737763]])",4,Ag25In25Se50,624,0.35, 10.1016/j.nanoen.2025.111491,-0.651237781,downloaded_cif_TE\mp-20554_InAgSe2.cif
mp-20554,InAgSe2,"MSONAtoms(symbols='In2Ag2Se4', pbc=True, cell=[[5.56639428, -0.0, -2.58113602], [-1.19687241, 5.43619846, -2.58113601], [0.0375852, 0.04676096, 7.3737763]])",4,Ag25In25Se50,675,0.34, 10.1016/j.nanoen.2025.111491,-0.651237781,downloaded_cif_TE\mp-20554_InAgSe2.cif
mp-20554,InAgSe2,"MSONAtoms(symbols='In2Ag2Se4', pbc=True, cell=[[5.56639428, -0.0, -2.58113602], [-1.19687241, 5.43619846, -2.58113601], [0.0375852, 0.04676096, 7.3737763]])",4,Ag25In25Se50,725,0.31, 10.1016/j.nanoen.2025.111491,-0.651237781,downloaded_cif_TE\mp-20554_InAgSe2.cif
mp-20554,InAgSe2,"MSONAtoms(symbols='In2Ag2Se4', pbc=True, cell=[[5.56639428, -0.0, -2.58113602], [-1.19687241, 5.43619846, -2.58113601], [0.0375852, 0.04676096, 7.3737763]])",4,Ag25In25Se50,776,0.3, 10.1016/j.nanoen.2025.111491,-0.651237781,downloaded_cif_TE\mp-20554_InAgSe2.cif
mp-20554,InAgSe2,"MSONAtoms(symbols='In2Ag2Se4', pbc=True, cell=[[5.56639428, -0.0, -2.58113602], [-1.19687241, 5.43619846, -2.58113601], [0.0375852, 0.04676096, 7.3737763]])",4,Ag25In25Se50,803,0.3, 10.1016/j.nanoen.2025.111491,-0.651237781,downloaded_cif_TE\mp-20554_InAgSe2.cif
mp-1216671,TmCuTe2,"MSONAtoms(symbols='TmCuTe2', pbc=True, cell=[[-2.165452, -3.750819, -7e-05], [-4.331031, 7.3e-05, -7e-05], [-0.000117, -6.8e-05, -6.840277]], initial_magmoms=...)",4,Tm25Cu25Te50,320,1.58,10.1002/chem.201404453,-1.014480289,downloaded_cif_TE\mp-1216671_TmCuTe2.cif
mp-1216671,TmCuTe2,"MSONAtoms(symbols='TmCuTe2', pbc=True, cell=[[-2.165452, -3.750819, -7e-05], [-4.331031, 7.3e-05, -7e-05], [-0.000117, -6.8e-05, -6.840277]], initial_magmoms=...)",4,Tm25Cu25Te50,363,1.5,10.1002/chem.201404453,-1.014480289,downloaded_cif_TE\mp-1216671_TmCuTe2.cif
mp-1216671,TmCuTe2,"MSONAtoms(symbols='TmCuTe2', pbc=True, cell=[[-2.165452, -3.750819, -7e-05], [-4.331031, 7.3e-05, -7e-05], [-0.000117, -6.8e-05, -6.840277]], initial_magmoms=...)",4,Tm25Cu25Te50,410,1.39,10.1002/chem.201404453,-1.014480289,downloaded_cif_TE\mp-1216671_TmCuTe2.cif
mp-1216671,TmCuTe2,"MSONAtoms(symbols='TmCuTe2', pbc=True, cell=[[-2.165452, -3.750819, -7e-05], [-4.331031, 7.3e-05, -7e-05], [-0.000117, -6.8e-05, -6.840277]], initial_magmoms=...)",4,Tm25Cu25Te50,457,1.32,10.1002/chem.201404453,-1.014480289,downloaded_cif_TE\mp-1216671_TmCuTe2.cif
mp-1216671,TmCuTe2,"MSONAtoms(symbols='TmCuTe2', pbc=True, cell=[[-2.165452, -3.750819, -7e-05], [-4.331031, 7.3e-05, -7e-05], [-0.000117, -6.8e-05, -6.840277]], initial_magmoms=...)",4,Tm25Cu25Te50,503,1.18,10.1002/chem.201404453,-1.014480289,downloaded_cif_TE\mp-1216671_TmCuTe2.cif
mp-1216671,TmCuTe2,"MSONAtoms(symbols='TmCuTe2', pbc=True, cell=[[-2.165452, -3.750819, -7e-05], [-4.331031, 7.3e-05, -7e-05], [-0.000117, -6.8e-05, -6.840277]], initial_magmoms=...)",4,Tm25Cu25Te50,600,1.16,10.1002/chem.201404453,-1.014480289,downloaded_cif_TE\mp-1216671_TmCuTe2.cif
mp-1216671,TmCuTe2,"MSONAtoms(symbols='TmCuTe2', pbc=True, cell=[[-2.165452, -3.750819, -7e-05], [-4.331031, 7.3e-05, -7e-05], [-0.000117, -6.8e-05, -6.840277]], initial_magmoms=...)",4,Tm25Cu25Te50,550,1.06,10.1002/chem.201404453,-1.014480289,downloaded_cif_TE\mp-1216671_TmCuTe2.cif
mp-1216671,TmCuTe2,"MSONAtoms(symbols='TmCuTe2', pbc=True, cell=[[-2.165452, -3.750819, -7e-05], [-4.331031, 7.3e-05, -7e-05], [-0.000117, -6.8e-05, -6.840277]], initial_magmoms=...)",4,Tm25Cu25Te50,818,0.69,10.1002/chem.201404453,-1.014480289,downloaded_cif_TE\mp-1216671_TmCuTe2.cif
mp-1216671,TmCuTe2,"MSONAtoms(symbols='TmCuTe2', pbc=True, cell=[[-2.165452, -3.750819, -7e-05], [-4.331031, 7.3e-05, -7e-05], [-0.000117, -6.8e-05, -6.840277]], initial_magmoms=...)",4,Tm25Cu25Te50,720,0.71,10.1002/chem.201404453,-1.014480289,downloaded_cif_TE\mp-1216671_TmCuTe2.cif
mp-3497,FeCuS2,"MSONAtoms(symbols='Fe2Cu2S4', pbc=True, cell=[[-2.631813, 2.631813, 5.114921], [2.631813, -2.631813, 5.114921], [2.631813, 2.631813, -5.114921]], initial_magmoms=...)",4,Cu25Fe25S50,300,8.43,10.1021/acs.jpcc.6b10308,-0.514438674,downloaded_cif_TE\mp-3497_FeCuS2.cif
mp-3497,FeCuS2,"MSONAtoms(symbols='Fe2Cu2S4', pbc=True, cell=[[-2.631813, 2.631813, 5.114921], [2.631813, -2.631813, 5.114921], [2.631813, 2.631813, -5.114921]], initial_magmoms=...)",4,Cu25Fe25S50,390,5.79,10.1021/acs.jpcc.6b10308,-0.514438674,downloaded_cif_TE\mp-3497_FeCuS2.cif
mp-3497,FeCuS2,"MSONAtoms(symbols='Fe2Cu2S4', pbc=True, cell=[[-2.631813, 2.631813, 5.114921], [2.631813, -2.631813, 5.114921], [2.631813, 2.631813, -5.114921]], initial_magmoms=...)",4,Cu25Fe25S50,510,3.51,10.1021/acs.jpcc.6b10308,-0.514438674,downloaded_cif_TE\mp-3497_FeCuS2.cif
mp-3497,FeCuS2,"MSONAtoms(symbols='Fe2Cu2S4', pbc=True, cell=[[-2.631813, 2.631813, 5.114921], [2.631813, -2.631813, 5.114921], [2.631813, 2.631813, -5.114921]], initial_magmoms=...)",4,Cu25Fe25S50,600,2.62,10.1021/acs.jpcc.6b10308,-0.514438674,downloaded_cif_TE\mp-3497_FeCuS2.cif
mp-27916,AgBiSe2,"MSONAtoms(symbols='Ag3Bi3Se6', pbc=True, cell=[[4.17172187, 0.0, 0.0], [-2.08586093, 3.61281642, 0.0], [0.0, -0.0, 19.75476391]])",4,Ag25Bi25Se50,296,0.65,10.1021/ja312474n,-0.496019999,downloaded_cif_TE\mp-27916_AgBiSe2.cif
mp-27916,AgBiSe2,"MSONAtoms(symbols='Ag3Bi3Se6', pbc=True, cell=[[4.17172187, 0.0, 0.0], [-2.08586093, 3.61281642, 0.0], [0.0, -0.0, 19.75476391]])",4,Ag25Bi25Se50,375,0.67,10.1021/ja312474n,-0.496019999,downloaded_cif_TE\mp-27916_AgBiSe2.cif
mp-27916,AgBiSe2,"MSONAtoms(symbols='Ag3Bi3Se6', pbc=True, cell=[[4.17172187, 0.0, 0.0], [-2.08586093, 3.61281642, 0.0], [0.0, -0.0, 19.75476391]])",4,Ag25Bi25Se50,478,0.64,10.1021/ja312474n,-0.496019999,downloaded_cif_TE\mp-27916_AgBiSe2.cif
mp-27916,AgBiSe2,"MSONAtoms(symbols='Ag3Bi3Se6', pbc=True, cell=[[4.17172187, 0.0, 0.0], [-2.08586093, 3.61281642, 0.0], [0.0, -0.0, 19.75476391]])",4,Ag25Bi25Se50,425,0.67,10.1021/ja312474n,-0.496019999,downloaded_cif_TE\mp-27916_AgBiSe2.cif
mp-27916,AgBiSe2,"MSONAtoms(symbols='Ag3Bi3Se6', pbc=True, cell=[[4.17172187, 0.0, 0.0], [-2.08586093, 3.61281642, 0.0], [0.0, -0.0, 19.75476391]])",4,Ag25Bi25Se50,528,0.57,10.1021/ja312474n,-0.496019999,downloaded_cif_TE\mp-27916_AgBiSe2.cif
mp-27916,AgBiSe2,"MSONAtoms(symbols='Ag3Bi3Se6', pbc=True, cell=[[4.17172187, 0.0, 0.0], [-2.08586093, 3.61281642, 0.0], [0.0, -0.0, 19.75476391]])",4,Ag25Bi25Se50,577,0.43,10.1021/ja312474n,-0.496019999,downloaded_cif_TE\mp-27916_AgBiSe2.cif
mp-27916,AgBiSe2,"MSONAtoms(symbols='Ag3Bi3Se6', pbc=True, cell=[[4.17172187, 0.0, 0.0], [-2.08586093, 3.61281642, 0.0], [0.0, -0.0, 19.75476391]])",4,Ag25Bi25Se50,625,0.44,10.1021/ja312474n,-0.496019999,downloaded_cif_TE\mp-27916_AgBiSe2.cif
mp-27916,AgBiSe2,"MSONAtoms(symbols='Ag3Bi3Se6', pbc=True, cell=[[4.17172187, 0.0, 0.0], [-2.08586093, 3.61281642, 0.0], [0.0, -0.0, 19.75476391]])",4,Ag25Bi25Se50,675,0.46,10.1021/ja312474n,-0.496019999,downloaded_cif_TE\mp-27916_AgBiSe2.cif
mp-19774,Eu(CdSb)2,"MSONAtoms(symbols='EuCd2Sb2', pbc=True, cell=[[2.37196127, -4.10835633, -0.0], [2.37196127, 4.10835633, 0.0], [-0.0, -0.0, 7.70451817]])",5,Eu20Cd40Sb40,300,1.41,10.1039/b916346h,-0.554503041,downloaded_cif_TE\mp-19774_Eu(CdSb)2.cif
mp-19774,Eu(CdSb)2,"MSONAtoms(symbols='EuCd2Sb2', pbc=True, cell=[[2.37196127, -4.10835633, -0.0], [2.37196127, 4.10835633, 0.0], [-0.0, -0.0, 7.70451817]])",5,Eu20Cd40Sb40,350,1.22,10.1039/b916346h,-0.554503041,downloaded_cif_TE\mp-19774_Eu(CdSb)2.cif
mp-19774,Eu(CdSb)2,"MSONAtoms(symbols='EuCd2Sb2', pbc=True, cell=[[2.37196127, -4.10835633, -0.0], [2.37196127, 4.10835633, 0.0], [-0.0, -0.0, 7.70451817]])",5,Eu20Cd40Sb40,400,1.08,10.1039/b916346h,-0.554503041,downloaded_cif_TE\mp-19774_Eu(CdSb)2.cif
mp-19774,Eu(CdSb)2,"MSONAtoms(symbols='EuCd2Sb2', pbc=True, cell=[[2.37196127, -4.10835633, -0.0], [2.37196127, 4.10835633, 0.0], [-0.0, -0.0, 7.70451817]])",5,Eu20Cd40Sb40,450,0.96,10.1039/b916346h,-0.554503041,downloaded_cif_TE\mp-19774_Eu(CdSb)2.cif
mp-19774,Eu(CdSb)2,"MSONAtoms(symbols='EuCd2Sb2', pbc=True, cell=[[2.37196127, -4.10835633, -0.0], [2.37196127, 4.10835633, 0.0], [-0.0, -0.0, 7.70451817]])",5,Eu20Cd40Sb40,500,0.87,10.1039/b916346h,-0.554503041,downloaded_cif_TE\mp-19774_Eu(CdSb)2.cif
mp-19774,Eu(CdSb)2,"MSONAtoms(symbols='EuCd2Sb2', pbc=True, cell=[[2.37196127, -4.10835633, -0.0], [2.37196127, 4.10835633, 0.0], [-0.0, -0.0, 7.70451817]])",5,Eu20Cd40Sb40,550,0.81,10.1039/b916346h,-0.554503041,downloaded_cif_TE\mp-19774_Eu(CdSb)2.cif
mp-19774,Eu(CdSb)2,"MSONAtoms(symbols='EuCd2Sb2', pbc=True, cell=[[2.37196127, -4.10835633, -0.0], [2.37196127, 4.10835633, 0.0], [-0.0, -0.0, 7.70451817]])",5,Eu20Cd40Sb40,600,0.76,10.1039/b916346h,-0.554503041,downloaded_cif_TE\mp-19774_Eu(CdSb)2.cif
mp-19774,Eu(CdSb)2,"MSONAtoms(symbols='EuCd2Sb2', pbc=True, cell=[[2.37196127, -4.10835633, -0.0], [2.37196127, 4.10835633, 0.0], [-0.0, -0.0, 7.70451817]])",5,Eu20Cd40Sb40,650,0.74,10.1039/b916346h,-0.554503041,downloaded_cif_TE\mp-19774_Eu(CdSb)2.cif
mp-1069042,Eu(ZnSb)2,"MSONAtoms(symbols='EuZn2Sb2', pbc=True, cell=[[2.2554324, -3.90652404, -0.0], [2.2554324, 3.90652404, 0.0], [0.0, 0.0, 7.52254615]])",5,Eu20Zn40Sb40,300,2.61,10.1039/b916346h,-0.556385139,downloaded_cif_TE\mp-1069042_Eu(ZnSb)2.cif
mp-1069042,Eu(ZnSb)2,"MSONAtoms(symbols='EuZn2Sb2', pbc=True, cell=[[2.2554324, -3.90652404, -0.0], [2.2554324, 3.90652404, 0.0], [0.0, 0.0, 7.52254615]])",5,Eu20Zn40Sb40,350,2.26,10.1039/b916346h,-0.556385139,downloaded_cif_TE\mp-1069042_Eu(ZnSb)2.cif
mp-1069042,Eu(ZnSb)2,"MSONAtoms(symbols='EuZn2Sb2', pbc=True, cell=[[2.2554324, -3.90652404, -0.0], [2.2554324, 3.90652404, 0.0], [0.0, 0.0, 7.52254615]])",5,Eu20Zn40Sb40,400,2,10.1039/b916346h,-0.556385139,downloaded_cif_TE\mp-1069042_Eu(ZnSb)2.cif
mp-1069042,Eu(ZnSb)2,"MSONAtoms(symbols='EuZn2Sb2', pbc=True, cell=[[2.2554324, -3.90652404, -0.0], [2.2554324, 3.90652404, 0.0], [0.0, 0.0, 7.52254615]])",5,Eu20Zn40Sb40,450,1.8,10.1039/b916346h,-0.556385139,downloaded_cif_TE\mp-1069042_Eu(ZnSb)2.cif
mp-1069042,Eu(ZnSb)2,"MSONAtoms(symbols='EuZn2Sb2', pbc=True, cell=[[2.2554324, -3.90652404, -0.0], [2.2554324, 3.90652404, 0.0], [0.0, 0.0, 7.52254615]])",5,Eu20Zn40Sb40,500,1.67,10.1039/b916346h,-0.556385139,downloaded_cif_TE\mp-1069042_Eu(ZnSb)2.cif
mp-1069042,Eu(ZnSb)2,"MSONAtoms(symbols='EuZn2Sb2', pbc=True, cell=[[2.2554324, -3.90652404, -0.0], [2.2554324, 3.90652404, 0.0], [0.0, 0.0, 7.52254615]])",5,Eu20Zn40Sb40,550,1.57,10.1039/b916346h,-0.556385139,downloaded_cif_TE\mp-1069042_Eu(ZnSb)2.cif
mp-1069042,Eu(ZnSb)2,"MSONAtoms(symbols='EuZn2Sb2', pbc=True, cell=[[2.2554324, -3.90652404, -0.0], [2.2554324, 3.90652404, 0.0], [0.0, 0.0, 7.52254615]])",5,Eu20Zn40Sb40,600,1.49,10.1039/b916346h,-0.556385139,downloaded_cif_TE\mp-1069042_Eu(ZnSb)2.cif
mp-1069042,Eu(ZnSb)2,"MSONAtoms(symbols='EuZn2Sb2', pbc=True, cell=[[2.2554324, -3.90652404, -0.0], [2.2554324, 3.90652404, 0.0], [0.0, 0.0, 7.52254615]])",5,Eu20Zn40Sb40,650,1.42,10.1039/b916346h,-0.556385139,downloaded_cif_TE\mp-1069042_Eu(ZnSb)2.cif
mp-23116,CuBiSeO,"MSONAtoms(symbols='Cu2Bi2Se2O2', pbc=True, cell=[3.949713, 3.949713, 9.067505], initial_magmoms=...)",4,Bi25Cu25Se25O25,773,0.48,10.1039/c2ee21274a,-0.832861201,downloaded_cif_TE\mp-23116_CuBiSeO.cif
mp-1196139,Mg3Sb2,"MSONAtoms(symbols='Mg24Sb16', pbc=True, cell=[[-6.65230025, -6.65230025, 6.65230025], [-6.65230025, 6.65230025, -6.65230025], [6.65230025, -6.65230025, -6.65230025]])",5,Mg60Sb40,332,1.34,10.1039/c3ra40457a,-0.428131339,downloaded_cif_TE\mp-1196139_Mg3Sb2.cif
mp-1196139,Mg3Sb2,"MSONAtoms(symbols='Mg24Sb16', pbc=True, cell=[[-6.65230025, -6.65230025, 6.65230025], [-6.65230025, 6.65230025, -6.65230025], [6.65230025, -6.65230025, -6.65230025]])",5,Mg60Sb40,470,1.13,10.1039/c3ra40457a,-0.428131339,downloaded_cif_TE\mp-1196139_Mg3Sb2.cif
mp-1196139,Mg3Sb2,"MSONAtoms(symbols='Mg24Sb16', pbc=True, cell=[[-6.65230025, -6.65230025, 6.65230025], [-6.65230025, 6.65230025, -6.65230025], [6.65230025, -6.65230025, -6.65230025]])",5,Mg60Sb40,565,0.89,10.1039/c3ra40457a,-0.428131339,downloaded_cif_TE\mp-1196139_Mg3Sb2.cif
mp-1196139,Mg3Sb2,"MSONAtoms(symbols='Mg24Sb16', pbc=True, cell=[[-6.65230025, -6.65230025, 6.65230025], [-6.65230025, 6.65230025, -6.65230025], [6.65230025, -6.65230025, -6.65230025]])",5,Mg60Sb40,660,0.67,10.1039/c3ra40457a,-0.428131339,downloaded_cif_TE\mp-1196139_Mg3Sb2.cif
mp-1196139,Mg3Sb2,"MSONAtoms(symbols='Mg24Sb16', pbc=True, cell=[[-6.65230025, -6.65230025, 6.65230025], [-6.65230025, 6.65230025, -6.65230025], [6.65230025, -6.65230025, -6.65230025]])",5,Mg60Sb40,750,0.6,10.1039/c3ra40457a,-0.428131339,downloaded_cif_TE\mp-1196139_Mg3Sb2.cif
mp-23116,CuBiSeO,"MSONAtoms(symbols='Cu2Bi2Se2O2', pbc=True, cell=[3.949713, 3.949713, 9.067505], initial_magmoms=...)",4,Bi25Cu25Se25O25,323,0.61,https://doi.org/10.1021/ja2091195,-0.832861201,downloaded_cif_TE\mp-23116_CuBiSeO.cif
mp-23116,CuBiSeO,"MSONAtoms(symbols='Cu2Bi2Se2O2', pbc=True, cell=[3.949713, 3.949713, 9.067505], initial_magmoms=...)",4,Bi25Cu25Se25O25,523,0.5,https://doi.org/10.1021/ja2091195,-0.832861201,downloaded_cif_TE\mp-23116_CuBiSeO.cif
mp-23116,CuBiSeO,"MSONAtoms(symbols='Cu2Bi2Se2O2', pbc=True, cell=[3.949713, 3.949713, 9.067505], initial_magmoms=...)",4,Bi25Cu25Se25O25,723,0.45,https://doi.org/10.1021/ja2091195,-0.832861201,downloaded_cif_TE\mp-23116_CuBiSeO.cif
mp-23116,CuBiSeO,"MSONAtoms(symbols='Cu2Bi2Se2O2', pbc=True, cell=[3.949713, 3.949713, 9.067505], initial_magmoms=...)",4,Bi25Cu25Se25O25,923,0.42,https://doi.org/10.1021/ja2091195,-0.832861201,downloaded_cif_TE\mp-23116_CuBiSeO.cif
mp-1883,SnTe,"MSONAtoms(symbols='SnTe', pbc=True, cell=[[3.90180836, 1e-08, 2.25271045], [1.30060313, 3.67866008, 2.25271045], [1e-08, 1e-08, 4.50541987]])",2,Sn50Te50,300,7.95,10.1039/c4ta05530f,-0.26504988,downloaded_cif_TE\mp-1883_SnTe.cif
mp-1883,SnTe,"MSONAtoms(symbols='SnTe', pbc=True, cell=[[3.90180836, 1e-08, 2.25271045], [1.30060313, 3.67866008, 2.25271045], [1e-08, 1e-08, 4.50541987]])",2,Sn50Te50,400,7.37,10.1039/c4ta05530f,-0.26504988,downloaded_cif_TE\mp-1883_SnTe.cif
mp-1883,SnTe,"MSONAtoms(symbols='SnTe', pbc=True, cell=[[3.90180836, 1e-08, 2.25271045], [1.30060313, 3.67866008, 2.25271045], [1e-08, 1e-08, 4.50541987]])",2,Sn50Te50,500,6.55,10.1039/c4ta05530f,-0.26504988,downloaded_cif_TE\mp-1883_SnTe.cif
mp-1883,SnTe,"MSONAtoms(symbols='SnTe', pbc=True, cell=[[3.90180836, 1e-08, 2.25271045], [1.30060313, 3.67866008, 2.25271045], [1e-08, 1e-08, 4.50541987]])",2,Sn50Te50,600,5.61,10.1039/c4ta05530f,-0.26504988,downloaded_cif_TE\mp-1883_SnTe.cif
mp-3839,GaCuTe2,"MSONAtoms(symbols='Ga2Cu2Te4', pbc=True, cell=[[5.49271447, 0.0, -2.47680511], [-1.11685453, 5.37796991, -2.47680512], [0.01815879, 0.02231603, 7.36916275]])",4,Cu25Ga25Te50,325,6.96,10.1039/c6ta11120c,-0.346341945,downloaded_cif_TE\mp-3839_GaCuTe2.cif
mp-3839,GaCuTe2,"MSONAtoms(symbols='Ga2Cu2Te4', pbc=True, cell=[[5.49271447, 0.0, -2.47680511], [-1.11685453, 5.37796991, -2.47680512], [0.01815879, 0.02231603, 7.36916275]])",4,Cu25Ga25Te50,375,5.75,10.1039/c6ta11120c,-0.346341945,downloaded_cif_TE\mp-3839_GaCuTe2.cif
mp-3839,GaCuTe2,"MSONAtoms(symbols='Ga2Cu2Te4', pbc=True, cell=[[5.49271447, 0.0, -2.47680511], [-1.11685453, 5.37796991, -2.47680512], [0.01815879, 0.02231603, 7.36916275]])",4,Cu25Ga25Te50,718,2.57,10.1039/c6ta11120c,-0.346341945,downloaded_cif_TE\mp-3839_GaCuTe2.cif
mp-3839,GaCuTe2,"MSONAtoms(symbols='Ga2Cu2Te4', pbc=True, cell=[[5.49271447, 0.0, -2.47680511], [-1.11685453, 5.37796991, -2.47680512], [0.01815879, 0.02231603, 7.36916275]])",4,Cu25Ga25Te50,775,2.41,10.1039/c6ta11120c,-0.346341945,downloaded_cif_TE\mp-3839_GaCuTe2.cif
mp-3839,GaCuTe2,"MSONAtoms(symbols='Ga2Cu2Te4', pbc=True, cell=[[5.49271447, 0.0, -2.47680511], [-1.11685453, 5.37796991, -2.47680512], [0.01815879, 0.02231603, 7.36916275]])",4,Cu25Ga25Te50,818,2.24,10.1039/c6ta11120c,-0.346341945,downloaded_cif_TE\mp-3839_GaCuTe2.cif
mp-3839,GaCuTe2,"MSONAtoms(symbols='Ga2Cu2Te4', pbc=True, cell=[[5.49271447, 0.0, -2.47680511], [-1.11685453, 5.37796991, -2.47680512], [0.01815879, 0.02231603, 7.36916275]])",4,Cu25Ga25Te50,868,2.09,10.1039/c6ta11120c,-0.346341945,downloaded_cif_TE\mp-3839_GaCuTe2.cif
mp-1883,SnTe,"MSONAtoms(symbols='SnTe', pbc=True, cell=[[3.90180836, 1e-08, 2.25271045], [1.30060313, 3.67866008, 2.25271045], [1e-08, 1e-08, 4.50541987]])",2,Sn50Te50,298,6.5,10.1039/c7cp04931e,-0.26504988,downloaded_cif_TE\mp-1883_SnTe.cif
mp-1883,SnTe,"MSONAtoms(symbols='SnTe', pbc=True, cell=[[3.90180836, 1e-08, 2.25271045], [1.30060313, 3.67866008, 2.25271045], [1e-08, 1e-08, 4.50541987]])",2,Sn50Te50,373,6,10.1039/c7cp04931e,-0.26504988,downloaded_cif_TE\mp-1883_SnTe.cif
mp-1883,SnTe,"MSONAtoms(symbols='SnTe', pbc=True, cell=[[3.90180836, 1e-08, 2.25271045], [1.30060313, 3.67866008, 2.25271045], [1e-08, 1e-08, 4.50541987]])",2,Sn50Te50,473,5.39,10.1039/c7cp04931e,-0.26504988,downloaded_cif_TE\mp-1883_SnTe.cif
mp-1883,SnTe,"MSONAtoms(symbols='SnTe', pbc=True, cell=[[3.90180836, 1e-08, 2.25271045], [1.30060313, 3.67866008, 2.25271045], [1e-08, 1e-08, 4.50541987]])",2,Sn50Te50,573,5.2,10.1039/c7cp04931e,-0.26504988,downloaded_cif_TE\mp-1883_SnTe.cif
mp-1883,SnTe,"MSONAtoms(symbols='SnTe', pbc=True, cell=[[3.90180836, 1e-08, 2.25271045], [1.30060313, 3.67866008, 2.25271045], [1e-08, 1e-08, 4.50541987]])",2,Sn50Te50,673,4.79,10.1039/c7cp04931e,-0.26504988,downloaded_cif_TE\mp-1883_SnTe.cif
mp-1883,SnTe,"MSONAtoms(symbols='SnTe', pbc=True, cell=[[3.90180836, 1e-08, 2.25271045], [1.30060313, 3.67866008, 2.25271045], [1e-08, 1e-08, 4.50541987]])",2,Sn50Te50,773,4.09,10.1039/c7cp04931e,-0.26504988,downloaded_cif_TE\mp-1883_SnTe.cif
mp-1883,SnTe,"MSONAtoms(symbols='SnTe', pbc=True, cell=[[3.90180836, 1e-08, 2.25271045], [1.30060313, 3.67866008, 2.25271045], [1e-08, 1e-08, 4.50541987]])",2,Sn50Te50,873,3.6,10.1039/c7cp04931e,-0.26504988,downloaded_cif_TE\mp-1883_SnTe.cif
mp-27916,AgBiSe2,"MSONAtoms(symbols='Ag3Bi3Se6', pbc=True, cell=[[4.17172187, 0.0, 0.0], [-2.08586093, 3.61281642, 0.0], [0.0, -0.0, 19.75476391]])",4,Ag25Bi25Se50,323,0.61,10.1039/c7dt04821a,-0.496019999,downloaded_cif_TE\mp-27916_AgBiSe2.cif
mp-27916,AgBiSe2,"MSONAtoms(symbols='Ag3Bi3Se6', pbc=True, cell=[[4.17172187, 0.0, 0.0], [-2.08586093, 3.61281642, 0.0], [0.0, -0.0, 19.75476391]])",4,Ag25Bi25Se50,514,0.71,10.1039/c7dt04821a,-0.496019999,downloaded_cif_TE\mp-27916_AgBiSe2.cif
mp-27916,AgBiSe2,"MSONAtoms(symbols='Ag3Bi3Se6', pbc=True, cell=[[4.17172187, 0.0, 0.0], [-2.08586093, 3.61281642, 0.0], [0.0, -0.0, 19.75476391]])",4,Ag25Bi25Se50,418,0.59,10.1039/c7dt04821a,-0.496019999,downloaded_cif_TE\mp-27916_AgBiSe2.cif
mp-27916,AgBiSe2,"MSONAtoms(symbols='Ag3Bi3Se6', pbc=True, cell=[[4.17172187, 0.0, 0.0], [-2.08586093, 3.61281642, 0.0], [0.0, -0.0, 19.75476391]])",4,Ag25Bi25Se50,612,0.5,10.1039/c7dt04821a,-0.496019999,downloaded_cif_TE\mp-27916_AgBiSe2.cif
mp-27916,AgBiSe2,"MSONAtoms(symbols='Ag3Bi3Se6', pbc=True, cell=[[4.17172187, 0.0, 0.0], [-2.08586093, 3.61281642, 0.0], [0.0, -0.0, 19.75476391]])",4,Ag25Bi25Se50,660,0.47,10.1039/c7dt04821a,-0.496019999,downloaded_cif_TE\mp-27916_AgBiSe2.cif
mp-27916,AgBiSe2,"MSONAtoms(symbols='Ag3Bi3Se6', pbc=True, cell=[[4.17172187, 0.0, 0.0], [-2.08586093, 3.61281642, 0.0], [0.0, -0.0, 19.75476391]])",4,Ag25Bi25Se50,710,0.47,10.1039/c7dt04821a,-0.496019999,downloaded_cif_TE\mp-27916_AgBiSe2.cif
mp-27916,AgBiSe2,"MSONAtoms(symbols='Ag3Bi3Se6', pbc=True, cell=[[4.17172187, 0.0, 0.0], [-2.08586093, 3.61281642, 0.0], [0.0, -0.0, 19.75476391]])",4,Ag25Bi25Se50,757,0.49,10.1039/c7dt04821a,-0.496019999,downloaded_cif_TE\mp-27916_AgBiSe2.cif
mp-938,GeTe,"MSONAtoms(symbols='GeTe', pbc=True, cell=[[3.7166743, 0.04140098, 2.35988507], [1.31776065, 3.47546919, 2.35988506], [0.05926534, 0.04140096, 4.40218144]])",2,Ge50Te50,323,5.7,10.1039/c9ee00317g,-0.035467995,downloaded_cif_TE\mp-938_GeTe.cif
mp-938,GeTe,"MSONAtoms(symbols='GeTe', pbc=True, cell=[[3.7166743, 0.04140098, 2.35988507], [1.31776065, 3.47546919, 2.35988506], [0.05926534, 0.04140096, 4.40218144]])",2,Ge50Te50,423,4.72,10.1039/c9ee00317g,-0.035467995,downloaded_cif_TE\mp-938_GeTe.cif
mp-938,GeTe,"MSONAtoms(symbols='GeTe', pbc=True, cell=[[3.7166743, 0.04140098, 2.35988507], [1.31776065, 3.47546919, 2.35988506], [0.05926534, 0.04140096, 4.40218144]])",2,Ge50Te50,523,3.71,10.1039/c9ee00317g,-0.035467995,downloaded_cif_TE\mp-938_GeTe.cif
mp-938,GeTe,"MSONAtoms(symbols='GeTe', pbc=True, cell=[[3.7166743, 0.04140098, 2.35988507], [1.31776065, 3.47546919, 2.35988506], [0.05926534, 0.04140096, 4.40218144]])",2,Ge50Te50,623,2.75,10.1039/c9ee00317g,-0.035467995,downloaded_cif_TE\mp-938_GeTe.cif
mp-938,GeTe,"MSONAtoms(symbols='GeTe', pbc=True, cell=[[3.7166743, 0.04140098, 2.35988507], [1.31776065, 3.47546919, 2.35988506], [0.05926534, 0.04140096, 4.40218144]])",2,Ge50Te50,673,2.31,10.1039/c9ee00317g,-0.035467995,downloaded_cif_TE\mp-938_GeTe.cif
mp-2231,SnS,"MSONAtoms(symbols='Sn4S4', pbc=True, cell=[3.95685521, 4.53281069, 11.39201851])",2,Sn50S50,300,3.28,10.1126/science.aax5123,-0.472081115,downloaded_cif_TE\mp-2231_SnS.cif
mp-2231,SnS,"MSONAtoms(symbols='Sn4S4', pbc=True, cell=[3.95685521, 4.53281069, 11.39201851])",2,Sn50S50,423,2.16,10.1126/science.aax5123,-0.472081115,downloaded_cif_TE\mp-2231_SnS.cif
mp-2231,SnS,"MSONAtoms(symbols='Sn4S4', pbc=True, cell=[3.95685521, 4.53281069, 11.39201851])",2,Sn50S50,573,1.47,10.1126/science.aax5123,-0.472081115,downloaded_cif_TE\mp-2231_SnS.cif
mp-2231,SnS,"MSONAtoms(symbols='Sn4S4', pbc=True, cell=[3.95685521, 4.53281069, 11.39201851])",2,Sn50S50,723,1.03,10.1126/science.aax5123,-0.472081115,downloaded_cif_TE\mp-2231_SnS.cif
mp-2231,SnS,"MSONAtoms(symbols='Sn4S4', pbc=True, cell=[3.95685521, 4.53281069, 11.39201851])",2,Sn50S50,873,0.73,10.1126/science.aax5123,-0.472081115,downloaded_cif_TE\mp-2231_SnS.cif
mp-1223373,La2FeCoO6,"MSONAtoms(symbols='La4Fe2Co2O12', pbc=True, cell=[[5.500676, 0.0, 0.0], [0.0, 5.565949, 0.0], [0.0, 5.454775, 7.979862]], initial_magmoms=...)",10,La20Co10Fe10O60,300,0.22,dx.doi.org/10.1021/jp3021408,-2.69981866,downloaded_cif_TE\mp-1223373_La2FeCoO6.cif
mp-1223109,La4Fe(CoO4)3,"MSONAtoms(symbols='La4FeCo3O12', pbc=True, cell=[[5.469417, 0.0, 0.0], [-0.01836, 5.544911, 0.0], [-0.197964, -0.062197, 7.881007]], initial_magmoms=...)",20,La20Co15Fe5O60,300,0.31,dx.doi.org/10.1021/jp3021408,-2.648253855,downloaded_cif_TE\mp-1223109_La4Fe(CoO4)3.cif
mp-1288145,LaCoO3,"MSONAtoms(symbols='La2Co2O6', pbc=True, cell=[[4.796289, 0.001237, 2.640827], [1.568322, 4.526314, 2.637378], [0.006039, -0.00397, 5.441022]], initial_magmoms=...)",5,La20Co20O60,300,0.43,dx.doi.org/10.1021/jp3021408,-2.599926138,downloaded_cif_TE\mp-1288145_LaCoO3.cif
mp-23116,CuBiSeO,"MSONAtoms(symbols='Cu2Bi2Se2O2', pbc=True, cell=[3.949713, 3.949713, 9.067505], initial_magmoms=...)",4,Bi25Cu25Se25O25,323,0.81,http://dx.doi.org/10.1016/j.jeurceramsoc.2014.09.015,-0.832861201,downloaded_cif_TE\mp-23116_CuBiSeO.cif
mp-23116,CuBiSeO,"MSONAtoms(symbols='Cu2Bi2Se2O2', pbc=True, cell=[3.949713, 3.949713, 9.067505], initial_magmoms=...)",4,Bi25Cu25Se25O25,373,0.72,http://dx.doi.org/10.1016/j.jeurceramsoc.2014.09.015,-0.832861201,downloaded_cif_TE\mp-23116_CuBiSeO.cif
mp-23116,CuBiSeO,"MSONAtoms(symbols='Cu2Bi2Se2O2', pbc=True, cell=[3.949713, 3.949713, 9.067505], initial_magmoms=...)",4,Bi25Cu25Se25O25,423,0.66,http://dx.doi.org/10.1016/j.jeurceramsoc.2014.09.015,-0.832861201,downloaded_cif_TE\mp-23116_CuBiSeO.cif
mp-23116,CuBiSeO,"MSONAtoms(symbols='Cu2Bi2Se2O2', pbc=True, cell=[3.949713, 3.949713, 9.067505], initial_magmoms=...)",4,Bi25Cu25Se25O25,473,0.61,http://dx.doi.org/10.1016/j.jeurceramsoc.2014.09.015,-0.832861201,downloaded_cif_TE\mp-23116_CuBiSeO.cif
mp-23116,CuBiSeO,"MSONAtoms(symbols='Cu2Bi2Se2O2', pbc=True, cell=[3.949713, 3.949713, 9.067505], initial_magmoms=...)",4,Bi25Cu25Se25O25,523,0.57,http://dx.doi.org/10.1016/j.jeurceramsoc.2014.09.015,-0.832861201,downloaded_cif_TE\mp-23116_CuBiSeO.cif
mp-23116,CuBiSeO,"MSONAtoms(symbols='Cu2Bi2Se2O2', pbc=True, cell=[3.949713, 3.949713, 9.067505], initial_magmoms=...)",4,Bi25Cu25Se25O25,573,0.54,http://dx.doi.org/10.1016/j.jeurceramsoc.2014.09.015,-0.832861201,downloaded_cif_TE\mp-23116_CuBiSeO.cif
mp-23116,CuBiSeO,"MSONAtoms(symbols='Cu2Bi2Se2O2', pbc=True, cell=[3.949713, 3.949713, 9.067505], initial_magmoms=...)",4,Bi25Cu25Se25O25,623,0.52,http://dx.doi.org/10.1016/j.jeurceramsoc.2014.09.015,-0.832861201,downloaded_cif_TE\mp-23116_CuBiSeO.cif
mp-23116,CuBiSeO,"MSONAtoms(symbols='Cu2Bi2Se2O2', pbc=True, cell=[3.949713, 3.949713, 9.067505], initial_magmoms=...)",4,Bi25Cu25Se25O25,673,0.49,http://dx.doi.org/10.1016/j.jeurceramsoc.2014.09.015,-0.832861201,downloaded_cif_TE\mp-23116_CuBiSeO.cif
mp-23116,CuBiSeO,"MSONAtoms(symbols='Cu2Bi2Se2O2', pbc=True, cell=[3.949713, 3.949713, 9.067505], initial_magmoms=...)",4,Bi25Cu25Se25O25,723,0.48,http://dx.doi.org/10.1016/j.jeurceramsoc.2014.09.015,-0.832861201,downloaded_cif_TE\mp-23116_CuBiSeO.cif
mp-23116,CuBiSeO,"MSONAtoms(symbols='Cu2Bi2Se2O2', pbc=True, cell=[3.949713, 3.949713, 9.067505], initial_magmoms=...)",4,Bi25Cu25Se25O25,873,0.44,http://dx.doi.org/10.1016/j.jeurceramsoc.2014.09.015,-0.832861201,downloaded_cif_TE\mp-23116_CuBiSeO.cif
mp-34202,Bi2Te3,"MSONAtoms(symbols='Bi2Te3', pbc=True, cell=[[10.82767426, -2.20906506, 0.05426101], [10.82767426, 2.20906506, 0.05426101], [10.35795043, -0.0, 3.85153248]])",5,Bi40Te60,373,0.9,http://dx.doi.org/10.1016/j.pnsc.2013.06.007,-0.274401004,downloaded_cif_TE\mp-34202_Bi2Te3.cif
mp-34202,Bi2Te3,"MSONAtoms(symbols='Bi2Te3', pbc=True, cell=[[10.82767426, -2.20906506, 0.05426101], [10.82767426, 2.20906506, 0.05426101], [10.35795043, -0.0, 3.85153248]])",5,Bi40Te60,473,0.96,http://dx.doi.org/10.1016/j.pnsc.2013.06.007,-0.274401004,downloaded_cif_TE\mp-34202_Bi2Te3.cif
mp-34202,Bi2Te3,"MSONAtoms(symbols='Bi2Te3', pbc=True, cell=[[10.82767426, -2.20906506, 0.05426101], [10.82767426, 2.20906506, 0.05426101], [10.35795043, -0.0, 3.85153248]])",5,Bi40Te60,498,0.94,http://dx.doi.org/10.1016/j.pnsc.2013.06.007,-0.274401004,downloaded_cif_TE\mp-34202_Bi2Te3.cif
mp-34202,Bi2Te3,"MSONAtoms(symbols='Bi2Te3', pbc=True, cell=[[10.82767426, -2.20906506, 0.05426101], [10.82767426, 2.20906506, 0.05426101], [10.35795043, -0.0, 3.85153248]])",5,Bi40Te60,398,0.84,http://dx.doi.org/10.1016/j.pnsc.2013.06.007,-0.274401004,downloaded_cif_TE\mp-34202_Bi2Te3.cif
mp-34202,Bi2Te3,"MSONAtoms(symbols='Bi2Te3', pbc=True, cell=[[10.82767426, -2.20906506, 0.05426101], [10.82767426, 2.20906506, 0.05426101], [10.35795043, -0.0, 3.85153248]])",5,Bi40Te60,458,0.87,http://dx.doi.org/10.1016/j.pnsc.2013.06.007,-0.274401004,downloaded_cif_TE\mp-34202_Bi2Te3.cif
mp-34202,Bi2Te3,"MSONAtoms(symbols='Bi2Te3', pbc=True, cell=[[10.82767426, -2.20906506, 0.05426101], [10.82767426, 2.20906506, 0.05426101], [10.35795043, -0.0, 3.85153248]])",5,Bi40Te60,423,0.76,http://dx.doi.org/10.1016/j.pnsc.2013.06.007,-0.274401004,downloaded_cif_TE\mp-34202_Bi2Te3.cif
mp-22856,Bi2S3,"MSONAtoms(symbols='Bi8S12', pbc=True, cell=[[3.99779374, -7.3e-07, 8e-08], [-3.02e-06, 11.16061766, -0.00035669], [2e-07, -0.00036736, 11.59359074]])",5,Bi40S60,323,0.71,https://doi.org/10.1007/s11467-018-0845-4,-0.414615469,downloaded_cif_TE\mp-22856_Bi2S3.cif
mp-22856,Bi2S3,"MSONAtoms(symbols='Bi8S12', pbc=True, cell=[[3.99779374, -7.3e-07, 8e-08], [-3.02e-06, 11.16061766, -0.00035669], [2e-07, -0.00036736, 11.59359074]])",5,Bi40S60,423,0.58,https://doi.org/10.1007/s11467-018-0845-4,-0.414615469,downloaded_cif_TE\mp-22856_Bi2S3.cif
mp-22856,Bi2S3,"MSONAtoms(symbols='Bi8S12', pbc=True, cell=[[3.99779374, -7.3e-07, 8e-08], [-3.02e-06, 11.16061766, -0.00035669], [2e-07, -0.00036736, 11.59359074]])",5,Bi40S60,523,0.51,https://doi.org/10.1007/s11467-018-0845-4,-0.414615469,downloaded_cif_TE\mp-22856_Bi2S3.cif
mp-22856,Bi2S3,"MSONAtoms(symbols='Bi8S12', pbc=True, cell=[[3.99779374, -7.3e-07, 8e-08], [-3.02e-06, 11.16061766, -0.00035669], [2e-07, -0.00036736, 11.59359074]])",5,Bi40S60,623,0.47,https://doi.org/10.1007/s11467-018-0845-4,-0.414615469,downloaded_cif_TE\mp-22856_Bi2S3.cif
mp-22856,Bi2S3,"MSONAtoms(symbols='Bi8S12', pbc=True, cell=[[3.99779374, -7.3e-07, 8e-08], [-3.02e-06, 11.16061766, -0.00035669], [2e-07, -0.00036736, 11.59359074]])",5,Bi40S60,723,0.44,https://doi.org/10.1007/s11467-018-0845-4,-0.414615469,downloaded_cif_TE\mp-22856_Bi2S3.cif
mp-4019,CaTiO3,"MSONAtoms(symbols='Ca4Ti4O12', pbc=True, cell=[5.37204886, 5.46279649, 7.63635962])",5,Ca20Ti20O60,321,4.69,https://doi.org/10.1016/j.cej.2021.131121,-3.556087157,downloaded_cif_TE\mp-4019_CaTiO3.cif
mp-4019,CaTiO3,"MSONAtoms(symbols='Ca4Ti4O12', pbc=True, cell=[5.37204886, 5.46279649, 7.63635962])",5,Ca20Ti20O60,538,3.67,https://doi.org/10.1016/j.cej.2021.131121,-3.556087157,downloaded_cif_TE\mp-4019_CaTiO3.cif
mp-4019,CaTiO3,"MSONAtoms(symbols='Ca4Ti4O12', pbc=True, cell=[5.37204886, 5.46279649, 7.63635962])",5,Ca20Ti20O60,432,4.03,https://doi.org/10.1016/j.cej.2021.131121,-3.556087157,downloaded_cif_TE\mp-4019_CaTiO3.cif
mp-4019,CaTiO3,"MSONAtoms(symbols='Ca4Ti4O12', pbc=True, cell=[5.37204886, 5.46279649, 7.63635962])",5,Ca20Ti20O60,640,3.46,https://doi.org/10.1016/j.cej.2021.131121,-3.556087157,downloaded_cif_TE\mp-4019_CaTiO3.cif
mp-4019,CaTiO3,"MSONAtoms(symbols='Ca4Ti4O12', pbc=True, cell=[5.37204886, 5.46279649, 7.63635962])",5,Ca20Ti20O60,740,3.35,https://doi.org/10.1016/j.cej.2021.131121,-3.556087157,downloaded_cif_TE\mp-4019_CaTiO3.cif
mp-4019,CaTiO3,"MSONAtoms(symbols='Ca4Ti4O12', pbc=True, cell=[5.37204886, 5.46279649, 7.63635962])",5,Ca20Ti20O60,840,3.14,https://doi.org/10.1016/j.cej.2021.131121,-3.556087157,downloaded_cif_TE\mp-4019_CaTiO3.cif
mp-4019,CaTiO3,"MSONAtoms(symbols='Ca4Ti4O12', pbc=True, cell=[5.37204886, 5.46279649, 7.63635962])",5,Ca20Ti20O60,1016,2.75,https://doi.org/10.1016/j.cej.2021.131121,-3.556087157,downloaded_cif_TE\mp-4019_CaTiO3.cif
mp-686651,Ca9LaTi10O30,"MSONAtoms(symbols='Ca18La2O60Ti20', pbc=True, cell=[[7.748273, 0.0, 0.0], [-3.810952, -8.625793, 0.0], [-0.241932, 0.084093, -17.309037]], initial_magmoms=...)",50,La2Ca18Ti20O60,538,3.5,https://doi.org/10.1016/j.cej.2021.131121,-3.576365814,downloaded_cif_TE\mp-686651_Ca9LaTi10O30.cif
mp-686651,Ca9LaTi10O30,"MSONAtoms(symbols='Ca18La2O60Ti20', pbc=True, cell=[[7.748273, 0.0, 0.0], [-3.810952, -8.625793, 0.0], [-0.241932, 0.084093, -17.309037]], initial_magmoms=...)",50,La2Ca18Ti20O60,640,3.24,https://doi.org/10.1016/j.cej.2021.131121,-3.576365814,downloaded_cif_TE\mp-686651_Ca9LaTi10O30.cif
mp-686651,Ca9LaTi10O30,"MSONAtoms(symbols='Ca18La2O60Ti20', pbc=True, cell=[[7.748273, 0.0, 0.0], [-3.810952, -8.625793, 0.0], [-0.241932, 0.084093, -17.309037]], initial_magmoms=...)",50,La2Ca18Ti20O60,740,3.03,https://doi.org/10.1016/j.cej.2021.131121,-3.576365814,downloaded_cif_TE\mp-686651_Ca9LaTi10O30.cif
mp-686651,Ca9LaTi10O30,"MSONAtoms(symbols='Ca18La2O60Ti20', pbc=True, cell=[[7.748273, 0.0, 0.0], [-3.810952, -8.625793, 0.0], [-0.241932, 0.084093, -17.309037]], initial_magmoms=...)",50,La2Ca18Ti20O60,840,2.94,https://doi.org/10.1016/j.cej.2021.131121,-3.576365814,downloaded_cif_TE\mp-686651_Ca9LaTi10O30.cif
mp-691,SnSe,"MSONAtoms(symbols='Sn4Se4', pbc=True, cell=[4.70090745, 4.12625095, 11.6644585])",2,Sn50Se50,323,0.88,https://doi.org/10.1016/j.jallcom.2016.01.190,-0.453546308,downloaded_cif_TE\mp-691_SnSe.cif
mp-691,SnSe,"MSONAtoms(symbols='Sn4Se4', pbc=True, cell=[4.70090745, 4.12625095, 11.6644585])",2,Sn50Se50,373,0.77,https://doi.org/10.1016/j.jallcom.2016.01.190,-0.453546308,downloaded_cif_TE\mp-691_SnSe.cif
mp-691,SnSe,"MSONAtoms(symbols='Sn4Se4', pbc=True, cell=[4.70090745, 4.12625095, 11.6644585])",2,Sn50Se50,423,0.69,https://doi.org/10.1016/j.jallcom.2016.01.190,-0.453546308,downloaded_cif_TE\mp-691_SnSe.cif
mp-691,SnSe,"MSONAtoms(symbols='Sn4Se4', pbc=True, cell=[4.70090745, 4.12625095, 11.6644585])",2,Sn50Se50,523,0.6,https://doi.org/10.1016/j.jallcom.2016.01.190,-0.453546308,downloaded_cif_TE\mp-691_SnSe.cif
mp-691,SnSe,"MSONAtoms(symbols='Sn4Se4', pbc=True, cell=[4.70090745, 4.12625095, 11.6644585])",2,Sn50Se50,573,0.62,https://doi.org/10.1016/j.jallcom.2016.01.190,-0.453546308,downloaded_cif_TE\mp-691_SnSe.cif
mp-691,SnSe,"MSONAtoms(symbols='Sn4Se4', pbc=True, cell=[4.70090745, 4.12625095, 11.6644585])",2,Sn50Se50,473,0.67,https://doi.org/10.1016/j.jallcom.2016.01.190,-0.453546308,downloaded_cif_TE\mp-691_SnSe.cif
mp-691,SnSe,"MSONAtoms(symbols='Sn4Se4', pbc=True, cell=[4.70090745, 4.12625095, 11.6644585])",2,Sn50Se50,623,0.59,https://doi.org/10.1016/j.jallcom.2016.01.190,-0.453546308,downloaded_cif_TE\mp-691_SnSe.cif
mp-691,SnSe,"MSONAtoms(symbols='Sn4Se4', pbc=True, cell=[4.70090745, 4.12625095, 11.6644585])",2,Sn50Se50,673,0.51,https://doi.org/10.1016/j.jallcom.2016.01.190,-0.453546308,downloaded_cif_TE\mp-691_SnSe.cif
mp-691,SnSe,"MSONAtoms(symbols='Sn4Se4', pbc=True, cell=[4.70090745, 4.12625095, 11.6644585])",2,Sn50Se50,723,0.58,https://doi.org/10.1016/j.jallcom.2016.01.190,-0.453546308,downloaded_cif_TE\mp-691_SnSe.cif
mp-691,SnSe,"MSONAtoms(symbols='Sn4Se4', pbc=True, cell=[4.70090745, 4.12625095, 11.6644585])",2,Sn50Se50,773,0.56,https://doi.org/10.1016/j.jallcom.2016.01.190,-0.453546308,downloaded_cif_TE\mp-691_SnSe.cif
mp-2231,SnS,"MSONAtoms(symbols='Sn4S4', pbc=True, cell=[3.95685521, 4.53281069, 11.39201851])",2,Sn50S50,300,1.41,https://doi.org/10.1016/j.jmat.2019.12.003,-0.472081115,downloaded_cif_TE\mp-2231_SnS.cif
mp-2231,SnS,"MSONAtoms(symbols='Sn4S4', pbc=True, cell=[3.95685521, 4.53281069, 11.39201851])",2,Sn50S50,400,1.09,https://doi.org/10.1016/j.jmat.2019.12.003,-0.472081115,downloaded_cif_TE\mp-2231_SnS.cif
mp-2231,SnS,"MSONAtoms(symbols='Sn4S4', pbc=True, cell=[3.95685521, 4.53281069, 11.39201851])",2,Sn50S50,500,0.88,https://doi.org/10.1016/j.jmat.2019.12.003,-0.472081115,downloaded_cif_TE\mp-2231_SnS.cif
mp-2231,SnS,"MSONAtoms(symbols='Sn4S4', pbc=True, cell=[3.95685521, 4.53281069, 11.39201851])",2,Sn50S50,600,0.79,https://doi.org/10.1016/j.jmat.2019.12.003,-0.472081115,downloaded_cif_TE\mp-2231_SnS.cif
mp-2231,SnS,"MSONAtoms(symbols='Sn4S4', pbc=True, cell=[3.95685521, 4.53281069, 11.39201851])",2,Sn50S50,700,0.75,https://doi.org/10.1016/j.jmat.2019.12.003,-0.472081115,downloaded_cif_TE\mp-2231_SnS.cif
mp-2231,SnS,"MSONAtoms(symbols='Sn4S4', pbc=True, cell=[3.95685521, 4.53281069, 11.39201851])",2,Sn50S50,800,0.7,https://doi.org/10.1016/j.jmat.2019.12.003,-0.472081115,downloaded_cif_TE\mp-2231_SnS.cif
mp-1883,SnTe,"MSONAtoms(symbols='SnTe', pbc=True, cell=[[3.90180836, 1e-08, 2.25271045], [1.30060313, 3.67866008, 2.25271045], [1e-08, 1e-08, 4.50541987]])",2,Sn50Te50,323,10.29,https://doi.org/10.1016/j.jmst.2020.12.063,-0.26504988,downloaded_cif_TE\mp-1883_SnTe.cif
mp-1883,SnTe,"MSONAtoms(symbols='SnTe', pbc=True, cell=[[3.90180836, 1e-08, 2.25271045], [1.30060313, 3.67866008, 2.25271045], [1e-08, 1e-08, 4.50541987]])",2,Sn50Te50,373,9.84,https://doi.org/10.1016/j.jmst.2020.12.063,-0.26504988,downloaded_cif_TE\mp-1883_SnTe.cif
mp-1883,SnTe,"MSONAtoms(symbols='SnTe', pbc=True, cell=[[3.90180836, 1e-08, 2.25271045], [1.30060313, 3.67866008, 2.25271045], [1e-08, 1e-08, 4.50541987]])",2,Sn50Te50,423,9.3,https://doi.org/10.1016/j.jmst.2020.12.063,-0.26504988,downloaded_cif_TE\mp-1883_SnTe.cif
mp-1883,SnTe,"MSONAtoms(symbols='SnTe', pbc=True, cell=[[3.90180836, 1e-08, 2.25271045], [1.30060313, 3.67866008, 2.25271045], [1e-08, 1e-08, 4.50541987]])",2,Sn50Te50,473,8.85,https://doi.org/10.1016/j.jmst.2020.12.063,-0.26504988,downloaded_cif_TE\mp-1883_SnTe.cif
mp-1883,SnTe,"MSONAtoms(symbols='SnTe', pbc=True, cell=[[3.90180836, 1e-08, 2.25271045], [1.30060313, 3.67866008, 2.25271045], [1e-08, 1e-08, 4.50541987]])",2,Sn50Te50,523,8.3,https://doi.org/10.1016/j.jmst.2020.12.063,-0.26504988,downloaded_cif_TE\mp-1883_SnTe.cif
mp-1883,SnTe,"MSONAtoms(symbols='SnTe', pbc=True, cell=[[3.90180836, 1e-08, 2.25271045], [1.30060313, 3.67866008, 2.25271045], [1e-08, 1e-08, 4.50541987]])",2,Sn50Te50,573,7.67,https://doi.org/10.1016/j.jmst.2020.12.063,-0.26504988,downloaded_cif_TE\mp-1883_SnTe.cif
mp-1883,SnTe,"MSONAtoms(symbols='SnTe', pbc=True, cell=[[3.90180836, 1e-08, 2.25271045], [1.30060313, 3.67866008, 2.25271045], [1e-08, 1e-08, 4.50541987]])",2,Sn50Te50,623,6.95,https://doi.org/10.1016/j.jmst.2020.12.063,-0.26504988,downloaded_cif_TE\mp-1883_SnTe.cif
mp-1883,SnTe,"MSONAtoms(symbols='SnTe', pbc=True, cell=[[3.90180836, 1e-08, 2.25271045], [1.30060313, 3.67866008, 2.25271045], [1e-08, 1e-08, 4.50541987]])",2,Sn50Te50,673,6.22,https://doi.org/10.1016/j.jmst.2020.12.063,-0.26504988,downloaded_cif_TE\mp-1883_SnTe.cif
mp-1883,SnTe,"MSONAtoms(symbols='SnTe', pbc=True, cell=[[3.90180836, 1e-08, 2.25271045], [1.30060313, 3.67866008, 2.25271045], [1e-08, 1e-08, 4.50541987]])",2,Sn50Te50,723,5.53,https://doi.org/10.1016/j.jmst.2020.12.063,-0.26504988,downloaded_cif_TE\mp-1883_SnTe.cif
mp-1883,SnTe,"MSONAtoms(symbols='SnTe', pbc=True, cell=[[3.90180836, 1e-08, 2.25271045], [1.30060313, 3.67866008, 2.25271045], [1e-08, 1e-08, 4.50541987]])",2,Sn50Te50,773,4.87,https://doi.org/10.1016/j.jmst.2020.12.063,-0.26504988,downloaded_cif_TE\mp-1883_SnTe.cif
mp-1317,CoSb3,"MSONAtoms(symbols='Co4Sb12', pbc=True, cell=[[7.39186059, -2.508e-05, -2.61340979], [-3.69594978, 6.40161738, -2.61345101], [2.347e-05, -1.232e-05, 7.84029276]])",4,Co25Sb75,523,4.79,https://doi.org/10.1016/s0925-8388(00)01275-5,-0.147884075,downloaded_cif_TE\mp-1317_CoSb3.cif
mp-1317,CoSb3,"MSONAtoms(symbols='Co4Sb12', pbc=True, cell=[[7.39186059, -2.508e-05, -2.61340979], [-3.69594978, 6.40161738, -2.61345101], [2.347e-05, -1.232e-05, 7.84029276]])",4,Co25Sb75,473,5.1,https://doi.org/10.1016/s0925-8388(00)01275-5,-0.147884075,downloaded_cif_TE\mp-1317_CoSb3.cif
mp-1317,CoSb3,"MSONAtoms(symbols='Co4Sb12', pbc=True, cell=[[7.39186059, -2.508e-05, -2.61340979], [-3.69594978, 6.40161738, -2.61345101], [2.347e-05, -1.232e-05, 7.84029276]])",4,Co25Sb75,323,6.9,https://doi.org/10.1016/s0925-8388(00)01275-5,-0.147884075,downloaded_cif_TE\mp-1317_CoSb3.cif
mp-1317,CoSb3,"MSONAtoms(symbols='Co4Sb12', pbc=True, cell=[[7.39186059, -2.508e-05, -2.61340979], [-3.69594978, 6.40161738, -2.61345101], [2.347e-05, -1.232e-05, 7.84029276]])",4,Co25Sb75,373,6.1,https://doi.org/10.1016/s0925-8388(00)01275-5,-0.147884075,downloaded_cif_TE\mp-1317_CoSb3.cif
mp-1317,CoSb3,"MSONAtoms(symbols='Co4Sb12', pbc=True, cell=[[7.39186059, -2.508e-05, -2.61340979], [-3.69594978, 6.40161738, -2.61345101], [2.347e-05, -1.232e-05, 7.84029276]])",4,Co25Sb75,423,5.4,https://doi.org/10.1016/s0925-8388(00)01275-5,-0.147884075,downloaded_cif_TE\mp-1317_CoSb3.cif
mp-1317,CoSb3,"MSONAtoms(symbols='Co4Sb12', pbc=True, cell=[[7.39186059, -2.508e-05, -2.61340979], [-3.69594978, 6.40161738, -2.61345101], [2.347e-05, -1.232e-05, 7.84029276]])",4,Co25Sb75,573,4.5,https://doi.org/10.1016/s0925-8388(00)01275-5,-0.147884075,downloaded_cif_TE\mp-1317_CoSb3.cif
mp-1317,CoSb3,"MSONAtoms(symbols='Co4Sb12', pbc=True, cell=[[7.39186059, -2.508e-05, -2.61340979], [-3.69594978, 6.40161738, -2.61345101], [2.347e-05, -1.232e-05, 7.84029276]])",4,Co25Sb75,623,4.3,https://doi.org/10.1016/s0925-8388(00)01275-5,-0.147884075,downloaded_cif_TE\mp-1317_CoSb3.cif
mp-1317,CoSb3,"MSONAtoms(symbols='Co4Sb12', pbc=True, cell=[[7.39186059, -2.508e-05, -2.61340979], [-3.69594978, 6.40161738, -2.61345101], [2.347e-05, -1.232e-05, 7.84029276]])",4,Co25Sb75,673,4.4,https://doi.org/10.1016/s0925-8388(00)01275-5,-0.147884075,downloaded_cif_TE\mp-1317_CoSb3.cif
mp-1317,CoSb3,"MSONAtoms(symbols='Co4Sb12', pbc=True, cell=[[7.39186059, -2.508e-05, -2.61340979], [-3.69594978, 6.40161738, -2.61345101], [2.347e-05, -1.232e-05, 7.84029276]])",4,Co25Sb75,723,4.4,https://doi.org/10.1016/s0925-8388(00)01275-5,-0.147884075,downloaded_cif_TE\mp-1317_CoSb3.cif
mp-691,SnSe,"MSONAtoms(symbols='Sn4Se4', pbc=True, cell=[4.70090745, 4.12625095, 11.6644585])",2,Sn50Se50,300,1.4,https://doi.org/10.1021/acs.chemmater.0c03657,-0.453546308,downloaded_cif_TE\mp-691_SnSe.cif
mp-691,SnSe,"MSONAtoms(symbols='Sn4Se4', pbc=True, cell=[4.70090745, 4.12625095, 11.6644585])",2,Sn50Se50,373,1.15,https://doi.org/10.1021/acs.chemmater.0c03657,-0.453546308,downloaded_cif_TE\mp-691_SnSe.cif
mp-691,SnSe,"MSONAtoms(symbols='Sn4Se4', pbc=True, cell=[4.70090745, 4.12625095, 11.6644585])",2,Sn50Se50,423,1.02,https://doi.org/10.1021/acs.chemmater.0c03657,-0.453546308,downloaded_cif_TE\mp-691_SnSe.cif
mp-691,SnSe,"MSONAtoms(symbols='Sn4Se4', pbc=True, cell=[4.70090745, 4.12625095, 11.6644585])",2,Sn50Se50,473,0.9,https://doi.org/10.1021/acs.chemmater.0c03657,-0.453546308,downloaded_cif_TE\mp-691_SnSe.cif
mp-691,SnSe,"MSONAtoms(symbols='Sn4Se4', pbc=True, cell=[4.70090745, 4.12625095, 11.6644585])",2,Sn50Se50,573,0.73,https://doi.org/10.1021/acs.chemmater.0c03657,-0.453546308,downloaded_cif_TE\mp-691_SnSe.cif
mp-691,SnSe,"MSONAtoms(symbols='Sn4Se4', pbc=True, cell=[4.70090745, 4.12625095, 11.6644585])",2,Sn50Se50,673,0.62,https://doi.org/10.1021/acs.chemmater.0c03657,-0.453546308,downloaded_cif_TE\mp-691_SnSe.cif
mp-691,SnSe,"MSONAtoms(symbols='Sn4Se4', pbc=True, cell=[4.70090745, 4.12625095, 11.6644585])",2,Sn50Se50,723,0.61,https://doi.org/10.1021/acs.chemmater.0c03657,-0.453546308,downloaded_cif_TE\mp-691_SnSe.cif
mp-691,SnSe,"MSONAtoms(symbols='Sn4Se4', pbc=True, cell=[4.70090745, 4.12625095, 11.6644585])",2,Sn50Se50,823,0.64,https://doi.org/10.1021/acs.chemmater.0c03657,-0.453546308,downloaded_cif_TE\mp-691_SnSe.cif
mp-691,SnSe,"MSONAtoms(symbols='Sn4Se4', pbc=True, cell=[4.70090745, 4.12625095, 11.6644585])",2,Sn50Se50,873,0.64,https://doi.org/10.1021/acs.chemmater.0c03657,-0.453546308,downloaded_cif_TE\mp-691_SnSe.cif
mp-938,GeTe,"MSONAtoms(symbols='GeTe', pbc=True, cell=[[3.7166743, 0.04140098, 2.35988507], [1.31776065, 3.47546919, 2.35988506], [0.05926534, 0.04140096, 4.40218144]])",2,Ge50Te50,298,8.04,https://doi.org/10.1021/acs.chemmater.1c00331,-0.035467995,downloaded_cif_TE\mp-938_GeTe.cif
mp-938,GeTe,"MSONAtoms(symbols='GeTe', pbc=True, cell=[[3.7166743, 0.04140098, 2.35988507], [1.31776065, 3.47546919, 2.35988506], [0.05926534, 0.04140096, 4.40218144]])",2,Ge50Te50,398,6.73,https://doi.org/10.1021/acs.chemmater.1c00331,-0.035467995,downloaded_cif_TE\mp-938_GeTe.cif
mp-938,GeTe,"MSONAtoms(symbols='GeTe', pbc=True, cell=[[3.7166743, 0.04140098, 2.35988507], [1.31776065, 3.47546919, 2.35988506], [0.05926534, 0.04140096, 4.40218144]])",2,Ge50Te50,498,4.96,https://doi.org/10.1021/acs.chemmater.1c00331,-0.035467995,downloaded_cif_TE\mp-938_GeTe.cif
mp-938,GeTe,"MSONAtoms(symbols='GeTe', pbc=True, cell=[[3.7166743, 0.04140098, 2.35988507], [1.31776065, 3.47546919, 2.35988506], [0.05926534, 0.04140096, 4.40218144]])",2,Ge50Te50,598,3.38,https://doi.org/10.1021/acs.chemmater.1c00331,-0.035467995,downloaded_cif_TE\mp-938_GeTe.cif
mp-938,GeTe,"MSONAtoms(symbols='GeTe', pbc=True, cell=[[3.7166743, 0.04140098, 2.35988507], [1.31776065, 3.47546919, 2.35988506], [0.05926534, 0.04140096, 4.40218144]])",2,Ge50Te50,648,2.81,https://doi.org/10.1021/acs.chemmater.1c00331,-0.035467995,downloaded_cif_TE\mp-938_GeTe.cif
mp-938,GeTe,"MSONAtoms(symbols='GeTe', pbc=True, cell=[[3.7166743, 0.04140098, 2.35988507], [1.31776065, 3.47546919, 2.35988506], [0.05926534, 0.04140096, 4.40218144]])",2,Ge50Te50,698,2.51,https://doi.org/10.1021/acs.chemmater.1c00331,-0.035467995,downloaded_cif_TE\mp-938_GeTe.cif
mp-1225731,Cu3S2,"MSONAtoms(symbols='Cu3S2', pbc=True, cell=[[-2.455434, -2.455434, 0.0], [0.0, 0.0, -5.933883], [2.455434, -2.455434, 0.0]], initial_magmoms=...)",5,Cu60S40,300,4.37,https://doi.org/10.1021/acs.chemmater.1c01856,-0.152412971,downloaded_cif_TE\mp-1225731_Cu3S2.cif
mp-1225731,Cu3S2,"MSONAtoms(symbols='Cu3S2', pbc=True, cell=[[-2.455434, -2.455434, 0.0], [0.0, 0.0, -5.933883], [2.455434, -2.455434, 0.0]], initial_magmoms=...)",5,Cu60S40,350,4.36,https://doi.org/10.1021/acs.chemmater.1c01856,-0.152412971,downloaded_cif_TE\mp-1225731_Cu3S2.cif
mp-1225731,Cu3S2,"MSONAtoms(symbols='Cu3S2', pbc=True, cell=[[-2.455434, -2.455434, 0.0], [0.0, 0.0, -5.933883], [2.455434, -2.455434, 0.0]], initial_magmoms=...)",5,Cu60S40,400,4.99,https://doi.org/10.1021/acs.chemmater.1c01856,-0.152412971,downloaded_cif_TE\mp-1225731_Cu3S2.cif
mp-1225731,Cu3S2,"MSONAtoms(symbols='Cu3S2', pbc=True, cell=[[-2.455434, -2.455434, 0.0], [0.0, 0.0, -5.933883], [2.455434, -2.455434, 0.0]], initial_magmoms=...)",5,Cu60S40,450,5.12,https://doi.org/10.1021/acs.chemmater.1c01856,-0.152412971,downloaded_cif_TE\mp-1225731_Cu3S2.cif
mp-1225731,Cu3S2,"MSONAtoms(symbols='Cu3S2', pbc=True, cell=[[-2.455434, -2.455434, 0.0], [0.0, 0.0, -5.933883], [2.455434, -2.455434, 0.0]], initial_magmoms=...)",5,Cu60S40,500,5.15,https://doi.org/10.1021/acs.chemmater.1c01856,-0.152412971,downloaded_cif_TE\mp-1225731_Cu3S2.cif
mp-1225731,Cu3S2,"MSONAtoms(symbols='Cu3S2', pbc=True, cell=[[-2.455434, -2.455434, 0.0], [0.0, 0.0, -5.933883], [2.455434, -2.455434, 0.0]], initial_magmoms=...)",5,Cu60S40,550,5.11,https://doi.org/10.1021/acs.chemmater.1c01856,-0.152412971,downloaded_cif_TE\mp-1225731_Cu3S2.cif
mp-1225731,Cu3S2,"MSONAtoms(symbols='Cu3S2', pbc=True, cell=[[-2.455434, -2.455434, 0.0], [0.0, 0.0, -5.933883], [2.455434, -2.455434, 0.0]], initial_magmoms=...)",5,Cu60S40,600,5.08,https://doi.org/10.1021/acs.chemmater.1c01856,-0.152412971,downloaded_cif_TE\mp-1225731_Cu3S2.cif
mp-541449,CrGeTe3,"MSONAtoms(symbols='Cr2Ge2Te6', pbc=True, cell=[[7.46543991, -3.4517873, -0.01814874], [7.46542342, 3.45182252, -0.01808959], [5.8834073, -3.631e-05, 5.74747453]])",5,Cr20Ge20Te60,320,0.92,https://doi.org/10.1021/acs.chemmater.7b02346,-0.419505622,downloaded_cif_TE\mp-541449_CrGeTe3.cif
mp-541449,CrGeTe3,"MSONAtoms(symbols='Cr2Ge2Te6', pbc=True, cell=[[7.46543991, -3.4517873, -0.01814874], [7.46542342, 3.45182252, -0.01808959], [5.8834073, -3.631e-05, 5.74747453]])",5,Cr20Ge20Te60,416,0.83,https://doi.org/10.1021/acs.chemmater.7b02346,-0.419505622,downloaded_cif_TE\mp-541449_CrGeTe3.cif
mp-541449,CrGeTe3,"MSONAtoms(symbols='Cr2Ge2Te6', pbc=True, cell=[[7.46543991, -3.4517873, -0.01814874], [7.46542342, 3.45182252, -0.01808959], [5.8834073, -3.631e-05, 5.74747453]])",5,Cr20Ge20Te60,515,0.75,https://doi.org/10.1021/acs.chemmater.7b02346,-0.419505622,downloaded_cif_TE\mp-541449_CrGeTe3.cif
mp-541449,CrGeTe3,"MSONAtoms(symbols='Cr2Ge2Te6', pbc=True, cell=[[7.46543991, -3.4517873, -0.01814874], [7.46542342, 3.45182252, -0.01808959], [5.8834073, -3.631e-05, 5.74747453]])",5,Cr20Ge20Te60,614,0.68,https://doi.org/10.1021/acs.chemmater.7b02346,-0.419505622,downloaded_cif_TE\mp-541449_CrGeTe3.cif
mp-541449,CrGeTe3,"MSONAtoms(symbols='Cr2Ge2Te6', pbc=True, cell=[[7.46543991, -3.4517873, -0.01814874], [7.46542342, 3.45182252, -0.01808959], [5.8834073, -3.631e-05, 5.74747453]])",5,Cr20Ge20Te60,713,0.63,https://doi.org/10.1021/acs.chemmater.7b02346,-0.419505622,downloaded_cif_TE\mp-541449_CrGeTe3.cif
mp-541449,CrGeTe3,"MSONAtoms(symbols='Cr2Ge2Te6', pbc=True, cell=[[7.46543991, -3.4517873, -0.01814874], [7.46542342, 3.45182252, -0.01808959], [5.8834073, -3.631e-05, 5.74747453]])",5,Cr20Ge20Te60,812,0.63,https://doi.org/10.1021/acs.chemmater.7b02346,-0.419505622,downloaded_cif_TE\mp-541449_CrGeTe3.cif
mp-9257,Yb(CdSb)2,"MSONAtoms(symbols='YbCd2Sb2', pbc=True, cell=[[-2.405374923214895, -4.166231996558936, 0.0], [-2.405374923214895, 4.166231996558936, -0.0], [-0.0, -0.0, -6.938206435418696]], initial_magmoms=...)",5,Yb20Cd40Sb40,350,1.62,https://doi.org/10.1021/acs.chemmater.8b02155,-0.372389271,downloaded_cif_TE\mp-9257_Yb(CdSb)2.cif
mp-9257,Yb(CdSb)2,"MSONAtoms(symbols='YbCd2Sb2', pbc=True, cell=[[-2.405374923214895, -4.166231996558936, 0.0], [-2.405374923214895, 4.166231996558936, -0.0], [-0.0, -0.0, -6.938206435418696]], initial_magmoms=...)",5,Yb20Cd40Sb40,450,1.45,https://doi.org/10.1021/acs.chemmater.8b02155,-0.372389271,downloaded_cif_TE\mp-9257_Yb(CdSb)2.cif
mp-9257,Yb(CdSb)2,"MSONAtoms(symbols='YbCd2Sb2', pbc=True, cell=[[-2.405374923214895, -4.166231996558936, 0.0], [-2.405374923214895, 4.166231996558936, -0.0], [-0.0, -0.0, -6.938206435418696]], initial_magmoms=...)",5,Yb20Cd40Sb40,550,1.3,https://doi.org/10.1021/acs.chemmater.8b02155,-0.372389271,downloaded_cif_TE\mp-9257_Yb(CdSb)2.cif
mp-9257,Yb(CdSb)2,"MSONAtoms(symbols='YbCd2Sb2', pbc=True, cell=[[-2.405374923214895, -4.166231996558936, 0.0], [-2.405374923214895, 4.166231996558936, -0.0], [-0.0, -0.0, -6.938206435418696]], initial_magmoms=...)",5,Yb20Cd40Sb40,650,1.23,https://doi.org/10.1021/acs.chemmater.8b02155,-0.372389271,downloaded_cif_TE\mp-9257_Yb(CdSb)2.cif
mp-1228653,Ba2CoRuO6,"MSONAtoms(symbols='Ba6Co3Ru3O18', pbc=True, cell=[[2.90765, -5.036197, 0.0], [2.90765, 5.036197, 0.0], [0.0, 0.0, 14.142047]], initial_magmoms=...)",10,Ba20Co10Ru10O60,318,1.48,https://doi.org/10.1021/acs.inorgchem.1c02442,-2.099805033,downloaded_cif_TE\mp-1228653_Ba2CoRuO6.cif
mp-1228653,Ba2CoRuO6,"MSONAtoms(symbols='Ba6Co3Ru3O18', pbc=True, cell=[[2.90765, -5.036197, 0.0], [2.90765, 5.036197, 0.0], [0.0, 0.0, 14.142047]], initial_magmoms=...)",10,Ba20Co10Ru10O60,418,1.46,https://doi.org/10.1021/acs.inorgchem.1c02442,-2.099805033,downloaded_cif_TE\mp-1228653_Ba2CoRuO6.cif
mp-1228653,Ba2CoRuO6,"MSONAtoms(symbols='Ba6Co3Ru3O18', pbc=True, cell=[[2.90765, -5.036197, 0.0], [2.90765, 5.036197, 0.0], [0.0, 0.0, 14.142047]], initial_magmoms=...)",10,Ba20Co10Ru10O60,518,1.46,https://doi.org/10.1021/acs.inorgchem.1c02442,-2.099805033,downloaded_cif_TE\mp-1228653_Ba2CoRuO6.cif
mp-484,Te3As2,"MSONAtoms(symbols='Te6As4', pbc=True, cell=[[4.03514784, 0.0, -0.0], [-2.01757392, 7.47647236, -0.61396394], [-0.0, 0.07020111, 10.15447322]])",5,As40Te60,298,0.85,https://doi.org/10.1021/acs.inorgchem.6b02930,-0.001508734,downloaded_cif_TE\mp-484_Te3As2.cif
mp-484,Te3As2,"MSONAtoms(symbols='Te6As4', pbc=True, cell=[[4.03514784, 0.0, -0.0], [-2.01757392, 7.47647236, -0.61396394], [-0.0, 0.07020111, 10.15447322]])",5,As40Te60,323,0.8,https://doi.org/10.1021/acs.inorgchem.6b02930,-0.001508734,downloaded_cif_TE\mp-484_Te3As2.cif
mp-484,Te3As2,"MSONAtoms(symbols='Te6As4', pbc=True, cell=[[4.03514784, 0.0, -0.0], [-2.01757392, 7.47647236, -0.61396394], [-0.0, 0.07020111, 10.15447322]])",5,As40Te60,373,0.73,https://doi.org/10.1021/acs.inorgchem.6b02930,-0.001508734,downloaded_cif_TE\mp-484_Te3As2.cif
mp-484,Te3As2,"MSONAtoms(symbols='Te6As4', pbc=True, cell=[[4.03514784, 0.0, -0.0], [-2.01757392, 7.47647236, -0.61396394], [-0.0, 0.07020111, 10.15447322]])",5,As40Te60,423,0.68,https://doi.org/10.1021/acs.inorgchem.6b02930,-0.001508734,downloaded_cif_TE\mp-484_Te3As2.cif
mp-484,Te3As2,"MSONAtoms(symbols='Te6As4', pbc=True, cell=[[4.03514784, 0.0, -0.0], [-2.01757392, 7.47647236, -0.61396394], [-0.0, 0.07020111, 10.15447322]])",5,As40Te60,473,0.67,https://doi.org/10.1021/acs.inorgchem.6b02930,-0.001508734,downloaded_cif_TE\mp-484_Te3As2.cif
mp-484,Te3As2,"MSONAtoms(symbols='Te6As4', pbc=True, cell=[[4.03514784, 0.0, -0.0], [-2.01757392, 7.47647236, -0.61396394], [-0.0, 0.07020111, 10.15447322]])",5,As40Te60,523,0.68,https://doi.org/10.1021/acs.inorgchem.6b02930,-0.001508734,downloaded_cif_TE\mp-484_Te3As2.cif
mp-7427,Ba(ZnAs)2,"MSONAtoms(symbols='Ba4Zn8As8', pbc=True, cell=[4.26304984, 10.05250841, 10.90195991])",5,Ba20Zn40As40,323,1.88,https://doi.org/10.1021/acs.inorgchem.7b00232,-0.67321291,downloaded_cif_TE\mp-7427_Ba(ZnAs)2.cif
mp-7427,Ba(ZnAs)2,"MSONAtoms(symbols='Ba4Zn8As8', pbc=True, cell=[4.26304984, 10.05250841, 10.90195991])",5,Ba20Zn40As40,423,1.48,https://doi.org/10.1021/acs.inorgchem.7b00232,-0.67321291,downloaded_cif_TE\mp-7427_Ba(ZnAs)2.cif
mp-7427,Ba(ZnAs)2,"MSONAtoms(symbols='Ba4Zn8As8', pbc=True, cell=[4.26304984, 10.05250841, 10.90195991])",5,Ba20Zn40As40,523,1.26,https://doi.org/10.1021/acs.inorgchem.7b00232,-0.67321291,downloaded_cif_TE\mp-7427_Ba(ZnAs)2.cif
mp-7427,Ba(ZnAs)2,"MSONAtoms(symbols='Ba4Zn8As8', pbc=True, cell=[4.26304984, 10.05250841, 10.90195991])",5,Ba20Zn40As40,623,1.08,https://doi.org/10.1021/acs.inorgchem.7b00232,-0.67321291,downloaded_cif_TE\mp-7427_Ba(ZnAs)2.cif
mp-7427,Ba(ZnAs)2,"MSONAtoms(symbols='Ba4Zn8As8', pbc=True, cell=[4.26304984, 10.05250841, 10.90195991])",5,Ba20Zn40As40,723,0.92,https://doi.org/10.1021/acs.inorgchem.7b00232,-0.67321291,downloaded_cif_TE\mp-7427_Ba(ZnAs)2.cif
mp-22526,LiCoO2,"MSONAtoms(symbols='LiCoO2', pbc=True, cell=[[4.70697107, -1.40562829, -0.00449954], [4.70697107, 1.40562829, -0.00449954], [4.28950457, 0.0, 2.39406229]])",4,Li25Co25O50,423,7.59,https://doi.org/10.1021/acs.inorgchem.7b00476,-1.745659771,downloaded_cif_TE\mp-22526_LiCoO2.cif
mp-22526,LiCoO2,"MSONAtoms(symbols='LiCoO2', pbc=True, cell=[[4.70697107, -1.40562829, -0.00449954], [4.70697107, 1.40562829, -0.00449954], [4.28950457, 0.0, 2.39406229]])",4,Li25Co25O50,523,5.9,https://doi.org/10.1021/acs.inorgchem.7b00476,-1.745659771,downloaded_cif_TE\mp-22526_LiCoO2.cif
mp-22526,LiCoO2,"MSONAtoms(symbols='LiCoO2', pbc=True, cell=[[4.70697107, -1.40562829, -0.00449954], [4.70697107, 1.40562829, -0.00449954], [4.28950457, 0.0, 2.39406229]])",4,Li25Co25O50,623,4.55,https://doi.org/10.1021/acs.inorgchem.7b00476,-1.745659771,downloaded_cif_TE\mp-22526_LiCoO2.cif
mp-22526,LiCoO2,"MSONAtoms(symbols='LiCoO2', pbc=True, cell=[[4.70697107, -1.40562829, -0.00449954], [4.70697107, 1.40562829, -0.00449954], [4.28950457, 0.0, 2.39406229]])",4,Li25Co25O50,723,4.01,https://doi.org/10.1021/acs.inorgchem.7b00476,-1.745659771,downloaded_cif_TE\mp-22526_LiCoO2.cif
mp-22526,LiCoO2,"MSONAtoms(symbols='LiCoO2', pbc=True, cell=[[4.70697107, -1.40562829, -0.00449954], [4.70697107, 1.40562829, -0.00449954], [4.28950457, 0.0, 2.39406229]])",4,Li25Co25O50,823,3.32,https://doi.org/10.1021/acs.inorgchem.7b00476,-1.745659771,downloaded_cif_TE\mp-22526_LiCoO2.cif
mp-22526,LiCoO2,"MSONAtoms(symbols='LiCoO2', pbc=True, cell=[[4.70697107, -1.40562829, -0.00449954], [4.70697107, 1.40562829, -0.00449954], [4.28950457, 0.0, 2.39406229]])",4,Li25Co25O50,923,2.67,https://doi.org/10.1021/acs.inorgchem.7b00476,-1.745659771,downloaded_cif_TE\mp-22526_LiCoO2.cif
mp-22526,LiCoO2,"MSONAtoms(symbols='LiCoO2', pbc=True, cell=[[4.70697107, -1.40562829, -0.00449954], [4.70697107, 1.40562829, -0.00449954], [4.28950457, 0.0, 2.39406229]])",4,Li25Co25O50,1023,2.72,https://doi.org/10.1021/acs.inorgchem.7b00476,-1.745659771,downloaded_cif_TE\mp-22526_LiCoO2.cif
mp-12360,AgSbTe2,"MSONAtoms(symbols='AgSbTe2', pbc=True, cell=[[0.676117, 2.187259, -3.727623], [0.676117, -2.187259, -3.727623], [-6.399731, 0.0, -3.727623]], initial_magmoms=...)",4,Ag25Sb25Te50,303,0.98,https://doi.org/10.1021/acs.inorgchem.9b00852,-0.291437181,downloaded_cif_TE\mp-12360_AgSbTe2.cif
mp-12360,AgSbTe2,"MSONAtoms(symbols='AgSbTe2', pbc=True, cell=[[0.676117, 2.187259, -3.727623], [0.676117, -2.187259, -3.727623], [-6.399731, 0.0, -3.727623]], initial_magmoms=...)",4,Ag25Sb25Te50,341,0.94,https://doi.org/10.1021/acs.inorgchem.9b00852,-0.291437181,downloaded_cif_TE\mp-12360_AgSbTe2.cif
mp-12360,AgSbTe2,"MSONAtoms(symbols='AgSbTe2', pbc=True, cell=[[0.676117, 2.187259, -3.727623], [0.676117, -2.187259, -3.727623], [-6.399731, 0.0, -3.727623]], initial_magmoms=...)",4,Ag25Sb25Te50,391,0.96,https://doi.org/10.1021/acs.inorgchem.9b00852,-0.291437181,downloaded_cif_TE\mp-12360_AgSbTe2.cif
mp-12360,AgSbTe2,"MSONAtoms(symbols='AgSbTe2', pbc=True, cell=[[0.676117, 2.187259, -3.727623], [0.676117, -2.187259, -3.727623], [-6.399731, 0.0, -3.727623]], initial_magmoms=...)",4,Ag25Sb25Te50,439,1.04,https://doi.org/10.1021/acs.inorgchem.9b00852,-0.291437181,downloaded_cif_TE\mp-12360_AgSbTe2.cif
mp-12360,AgSbTe2,"MSONAtoms(symbols='AgSbTe2', pbc=True, cell=[[0.676117, 2.187259, -3.727623], [0.676117, -2.187259, -3.727623], [-6.399731, 0.0, -3.727623]], initial_magmoms=...)",4,Ag25Sb25Te50,488,1.05,https://doi.org/10.1021/acs.inorgchem.9b00852,-0.291437181,downloaded_cif_TE\mp-12360_AgSbTe2.cif
mp-12360,AgSbTe2,"MSONAtoms(symbols='AgSbTe2', pbc=True, cell=[[0.676117, 2.187259, -3.727623], [0.676117, -2.187259, -3.727623], [-6.399731, 0.0, -3.727623]], initial_magmoms=...)",4,Ag25Sb25Te50,537,1.06,https://doi.org/10.1021/acs.inorgchem.9b00852,-0.291437181,downloaded_cif_TE\mp-12360_AgSbTe2.cif
mp-27916,AgBiSe2,"MSONAtoms(symbols='Ag3Bi3Se6', pbc=True, cell=[[4.17172187, 0.0, 0.0], [-2.08586093, 3.61281642, 0.0], [0.0, -0.0, 19.75476391]])",4,Ag25Bi25Se50,300,0.53,https://doi.org/10.1021/acs.inorgchem.9b00874,-0.496019999,downloaded_cif_TE\mp-27916_AgBiSe2.cif
mp-27916,AgBiSe2,"MSONAtoms(symbols='Ag3Bi3Se6', pbc=True, cell=[[4.17172187, 0.0, 0.0], [-2.08586093, 3.61281642, 0.0], [0.0, -0.0, 19.75476391]])",4,Ag25Bi25Se50,400,0.48,https://doi.org/10.1021/acs.inorgchem.9b00874,-0.496019999,downloaded_cif_TE\mp-27916_AgBiSe2.cif
mp-27916,AgBiSe2,"MSONAtoms(symbols='Ag3Bi3Se6', pbc=True, cell=[[4.17172187, 0.0, 0.0], [-2.08586093, 3.61281642, 0.0], [0.0, -0.0, 19.75476391]])",4,Ag25Bi25Se50,500,0.52,https://doi.org/10.1021/acs.inorgchem.9b00874,-0.496019999,downloaded_cif_TE\mp-27916_AgBiSe2.cif
mp-27916,AgBiSe2,"MSONAtoms(symbols='Ag3Bi3Se6', pbc=True, cell=[[4.17172187, 0.0, 0.0], [-2.08586093, 3.61281642, 0.0], [0.0, -0.0, 19.75476391]])",4,Ag25Bi25Se50,525,0.54,https://doi.org/10.1021/acs.inorgchem.9b00874,-0.496019999,downloaded_cif_TE\mp-27916_AgBiSe2.cif
mp-27916,AgBiSe2,"MSONAtoms(symbols='Ag3Bi3Se6', pbc=True, cell=[[4.17172187, 0.0, 0.0], [-2.08586093, 3.61281642, 0.0], [0.0, -0.0, 19.75476391]])",4,Ag25Bi25Se50,550,0.48,https://doi.org/10.1021/acs.inorgchem.9b00874,-0.496019999,downloaded_cif_TE\mp-27916_AgBiSe2.cif
mp-27916,AgBiSe2,"MSONAtoms(symbols='Ag3Bi3Se6', pbc=True, cell=[[4.17172187, 0.0, 0.0], [-2.08586093, 3.61281642, 0.0], [0.0, -0.0, 19.75476391]])",4,Ag25Bi25Se50,575,0.44,https://doi.org/10.1021/acs.inorgchem.9b00874,-0.496019999,downloaded_cif_TE\mp-27916_AgBiSe2.cif
mp-27916,AgBiSe2,"MSONAtoms(symbols='Ag3Bi3Se6', pbc=True, cell=[[4.17172187, 0.0, 0.0], [-2.08586093, 3.61281642, 0.0], [0.0, -0.0, 19.75476391]])",4,Ag25Bi25Se50,600,0.41,https://doi.org/10.1021/acs.inorgchem.9b00874,-0.496019999,downloaded_cif_TE\mp-27916_AgBiSe2.cif
mp-3497,FeCuS2,"MSONAtoms(symbols='Fe2Cu2S4', pbc=True, cell=[[-2.631813, 2.631813, 5.114921], [2.631813, -2.631813, 5.114921], [2.631813, 2.631813, -5.114921]], initial_magmoms=...)",4,Cu25Fe25S50,10,11.7,https://doi.org/10.1021/acs.jpcc.0c06490,-0.514438674,downloaded_cif_TE\mp-3497_FeCuS2.cif
mp-23116,CuBiSeO,"MSONAtoms(symbols='Cu2Bi2Se2O2', pbc=True, cell=[3.949713, 3.949713, 9.067505], initial_magmoms=...)",4,Bi25Cu25Se25O25,319,0.78,https://doi.org/10.1021/acsaem.1c02720,-0.832861201,downloaded_cif_TE\mp-23116_CuBiSeO.cif
mp-23116,CuBiSeO,"MSONAtoms(symbols='Cu2Bi2Se2O2', pbc=True, cell=[3.949713, 3.949713, 9.067505], initial_magmoms=...)",4,Bi25Cu25Se25O25,420,0.69,https://doi.org/10.1021/acsaem.1c02720,-0.832861201,downloaded_cif_TE\mp-23116_CuBiSeO.cif
mp-23116,CuBiSeO,"MSONAtoms(symbols='Cu2Bi2Se2O2', pbc=True, cell=[3.949713, 3.949713, 9.067505], initial_magmoms=...)",4,Bi25Cu25Se25O25,522,0.58,https://doi.org/10.1021/acsaem.1c02720,-0.832861201,downloaded_cif_TE\mp-23116_CuBiSeO.cif
mp-23116,CuBiSeO,"MSONAtoms(symbols='Cu2Bi2Se2O2', pbc=True, cell=[3.949713, 3.949713, 9.067505], initial_magmoms=...)",4,Bi25Cu25Se25O25,623,0.55,https://doi.org/10.1021/acsaem.1c02720,-0.832861201,downloaded_cif_TE\mp-23116_CuBiSeO.cif
mp-23116,CuBiSeO,"MSONAtoms(symbols='Cu2Bi2Se2O2', pbc=True, cell=[3.949713, 3.949713, 9.067505], initial_magmoms=...)",4,Bi25Cu25Se25O25,725,0.54,https://doi.org/10.1021/acsaem.1c02720,-0.832861201,downloaded_cif_TE\mp-23116_CuBiSeO.cif
mp-23116,CuBiSeO,"MSONAtoms(symbols='Cu2Bi2Se2O2', pbc=True, cell=[3.949713, 3.949713, 9.067505], initial_magmoms=...)",4,Bi25Cu25Se25O25,825,0.53,https://doi.org/10.1021/acsaem.1c02720,-0.832861201,downloaded_cif_TE\mp-23116_CuBiSeO.cif
mp-1883,SnTe,"MSONAtoms(symbols='SnTe', pbc=True, cell=[[3.90180836, 1e-08, 2.25271045], [1.30060313, 3.67866008, 2.25271045], [1e-08, 1e-08, 4.50541987]])",2,Sn50Te50,323,8.59,https://doi.org/10.1021/acsaem.1c03231,-0.26504988,downloaded_cif_TE\mp-1883_SnTe.cif
mp-1883,SnTe,"MSONAtoms(symbols='SnTe', pbc=True, cell=[[3.90180836, 1e-08, 2.25271045], [1.30060313, 3.67866008, 2.25271045], [1e-08, 1e-08, 4.50541987]])",2,Sn50Te50,423,7.27,https://doi.org/10.1021/acsaem.1c03231,-0.26504988,downloaded_cif_TE\mp-1883_SnTe.cif
mp-1883,SnTe,"MSONAtoms(symbols='SnTe', pbc=True, cell=[[3.90180836, 1e-08, 2.25271045], [1.30060313, 3.67866008, 2.25271045], [1e-08, 1e-08, 4.50541987]])",2,Sn50Te50,523,5.89,https://doi.org/10.1021/acsaem.1c03231,-0.26504988,downloaded_cif_TE\mp-1883_SnTe.cif
mp-1883,SnTe,"MSONAtoms(symbols='SnTe', pbc=True, cell=[[3.90180836, 1e-08, 2.25271045], [1.30060313, 3.67866008, 2.25271045], [1e-08, 1e-08, 4.50541987]])",2,Sn50Te50,623,4.56,https://doi.org/10.1021/acsaem.1c03231,-0.26504988,downloaded_cif_TE\mp-1883_SnTe.cif
mp-1883,SnTe,"MSONAtoms(symbols='SnTe', pbc=True, cell=[[3.90180836, 1e-08, 2.25271045], [1.30060313, 3.67866008, 2.25271045], [1e-08, 1e-08, 4.50541987]])",2,Sn50Te50,673,3.96,https://doi.org/10.1021/acsaem.1c03231,-0.26504988,downloaded_cif_TE\mp-1883_SnTe.cif
mp-1883,SnTe,"MSONAtoms(symbols='SnTe', pbc=True, cell=[[3.90180836, 1e-08, 2.25271045], [1.30060313, 3.67866008, 2.25271045], [1e-08, 1e-08, 4.50541987]])",2,Sn50Te50,723,3.44,https://doi.org/10.1021/acsaem.1c03231,-0.26504988,downloaded_cif_TE\mp-1883_SnTe.cif
mp-1883,SnTe,"MSONAtoms(symbols='SnTe', pbc=True, cell=[[3.90180836, 1e-08, 2.25271045], [1.30060313, 3.67866008, 2.25271045], [1e-08, 1e-08, 4.50541987]])",2,Sn50Te50,773,3.03,https://doi.org/10.1021/acsaem.1c03231,-0.26504988,downloaded_cif_TE\mp-1883_SnTe.cif
mp-938,GeTe,"MSONAtoms(symbols='GeTe', pbc=True, cell=[[3.7166743, 0.04140098, 2.35988507], [1.31776065, 3.47546919, 2.35988506], [0.05926534, 0.04140096, 4.40218144]])",2,Ge50Te50,323,6.52,https://doi.org/10.1021/acsami.1c12282,-0.035467995,downloaded_cif_TE\mp-938_GeTe.cif
mp-938,GeTe,"MSONAtoms(symbols='GeTe', pbc=True, cell=[[3.7166743, 0.04140098, 2.35988507], [1.31776065, 3.47546919, 2.35988506], [0.05926534, 0.04140096, 4.40218144]])",2,Ge50Te50,373,6.1,https://doi.org/10.1021/acsami.1c12282,-0.035467995,downloaded_cif_TE\mp-938_GeTe.cif
mp-938,GeTe,"MSONAtoms(symbols='GeTe', pbc=True, cell=[[3.7166743, 0.04140098, 2.35988507], [1.31776065, 3.47546919, 2.35988506], [0.05926534, 0.04140096, 4.40218144]])",2,Ge50Te50,473,5.09,https://doi.org/10.1021/acsami.1c12282,-0.035467995,downloaded_cif_TE\mp-938_GeTe.cif
mp-938,GeTe,"MSONAtoms(symbols='GeTe', pbc=True, cell=[[3.7166743, 0.04140098, 2.35988507], [1.31776065, 3.47546919, 2.35988506], [0.05926534, 0.04140096, 4.40218144]])",2,Ge50Te50,573,4.13,https://doi.org/10.1021/acsami.1c12282,-0.035467995,downloaded_cif_TE\mp-938_GeTe.cif
mp-938,GeTe,"MSONAtoms(symbols='GeTe', pbc=True, cell=[[3.7166743, 0.04140098, 2.35988507], [1.31776065, 3.47546919, 2.35988506], [0.05926534, 0.04140096, 4.40218144]])",2,Ge50Te50,673,3.27,https://doi.org/10.1021/acsami.1c12282,-0.035467995,downloaded_cif_TE\mp-938_GeTe.cif
mp-938,GeTe,"MSONAtoms(symbols='GeTe', pbc=True, cell=[[3.7166743, 0.04140098, 2.35988507], [1.31776065, 3.47546919, 2.35988506], [0.05926534, 0.04140096, 4.40218144]])",2,Ge50Te50,773,3.03,https://doi.org/10.1021/acsami.1c12282,-0.035467995,downloaded_cif_TE\mp-938_GeTe.cif
mp-938,GeTe,"MSONAtoms(symbols='GeTe', pbc=True, cell=[[3.7166743, 0.04140098, 2.35988507], [1.31776065, 3.47546919, 2.35988506], [0.05926534, 0.04140096, 4.40218144]])",2,Ge50Te50,823,2.96,https://doi.org/10.1021/acsami.1c12282,-0.035467995,downloaded_cif_TE\mp-938_GeTe.cif
mp-938,GeTe,"MSONAtoms(symbols='GeTe', pbc=True, cell=[[3.7166743, 0.04140098, 2.35988507], [1.31776065, 3.47546919, 2.35988506], [0.05926534, 0.04140096, 4.40218144]])",2,Ge50Te50,323,5.88,https://doi.org/10.1021/acsami.1c14801,-0.035467995,downloaded_cif_TE\mp-938_GeTe.cif
mp-938,GeTe,"MSONAtoms(symbols='GeTe', pbc=True, cell=[[3.7166743, 0.04140098, 2.35988507], [1.31776065, 3.47546919, 2.35988506], [0.05926534, 0.04140096, 4.40218144]])",2,Ge50Te50,423,5.06,https://doi.org/10.1021/acsami.1c14801,-0.035467995,downloaded_cif_TE\mp-938_GeTe.cif
mp-938,GeTe,"MSONAtoms(symbols='GeTe', pbc=True, cell=[[3.7166743, 0.04140098, 2.35988507], [1.31776065, 3.47546919, 2.35988506], [0.05926534, 0.04140096, 4.40218144]])",2,Ge50Te50,523,4.11,https://doi.org/10.1021/acsami.1c14801,-0.035467995,downloaded_cif_TE\mp-938_GeTe.cif
mp-938,GeTe,"MSONAtoms(symbols='GeTe', pbc=True, cell=[[3.7166743, 0.04140098, 2.35988507], [1.31776065, 3.47546919, 2.35988506], [0.05926534, 0.04140096, 4.40218144]])",2,Ge50Te50,623,3.93,https://doi.org/10.1021/acsami.1c14801,-0.035467995,downloaded_cif_TE\mp-938_GeTe.cif
mp-1883,SnTe,"MSONAtoms(symbols='SnTe', pbc=True, cell=[[3.90180836, 1e-08, 2.25271045], [1.30060313, 3.67866008, 2.25271045], [1e-08, 1e-08, 4.50541987]])",2,Sn50Te50,330,8.07,https://doi.org/10.1021/acsami.1c15595,-0.26504988,downloaded_cif_TE\mp-1883_SnTe.cif
mp-1883,SnTe,"MSONAtoms(symbols='SnTe', pbc=True, cell=[[3.90180836, 1e-08, 2.25271045], [1.30060313, 3.67866008, 2.25271045], [1e-08, 1e-08, 4.50541987]])",2,Sn50Te50,421,6.95,https://doi.org/10.1021/acsami.1c15595,-0.26504988,downloaded_cif_TE\mp-1883_SnTe.cif
mp-1883,SnTe,"MSONAtoms(symbols='SnTe', pbc=True, cell=[[3.90180836, 1e-08, 2.25271045], [1.30060313, 3.67866008, 2.25271045], [1e-08, 1e-08, 4.50541987]])",2,Sn50Te50,519,5.67,https://doi.org/10.1021/acsami.1c15595,-0.26504988,downloaded_cif_TE\mp-1883_SnTe.cif
mp-1883,SnTe,"MSONAtoms(symbols='SnTe', pbc=True, cell=[[3.90180836, 1e-08, 2.25271045], [1.30060313, 3.67866008, 2.25271045], [1e-08, 1e-08, 4.50541987]])",2,Sn50Te50,616,4.43,https://doi.org/10.1021/acsami.1c15595,-0.26504988,downloaded_cif_TE\mp-1883_SnTe.cif
mp-1883,SnTe,"MSONAtoms(symbols='SnTe', pbc=True, cell=[[3.90180836, 1e-08, 2.25271045], [1.30060313, 3.67866008, 2.25271045], [1e-08, 1e-08, 4.50541987]])",2,Sn50Te50,714,3.33,https://doi.org/10.1021/acsami.1c15595,-0.26504988,downloaded_cif_TE\mp-1883_SnTe.cif
mp-1883,SnTe,"MSONAtoms(symbols='SnTe', pbc=True, cell=[[3.90180836, 1e-08, 2.25271045], [1.30060313, 3.67866008, 2.25271045], [1e-08, 1e-08, 4.50541987]])",2,Sn50Te50,763,2.93,https://doi.org/10.1021/acsami.1c15595,-0.26504988,downloaded_cif_TE\mp-1883_SnTe.cif
mp-23116,CuBiSeO,"MSONAtoms(symbols='Cu2Bi2Se2O2', pbc=True, cell=[3.949713, 3.949713, 9.067505], initial_magmoms=...)",4,Bi25Cu25Se25O25,347,0.6,https://doi.org/10.1021/acsami.1c19266,-0.832861201,downloaded_cif_TE\mp-23116_CuBiSeO.cif
mp-23116,CuBiSeO,"MSONAtoms(symbols='Cu2Bi2Se2O2', pbc=True, cell=[3.949713, 3.949713, 9.067505], initial_magmoms=...)",4,Bi25Cu25Se25O25,446,0.54,https://doi.org/10.1021/acsami.1c19266,-0.832861201,downloaded_cif_TE\mp-23116_CuBiSeO.cif
mp-23116,CuBiSeO,"MSONAtoms(symbols='Cu2Bi2Se2O2', pbc=True, cell=[3.949713, 3.949713, 9.067505], initial_magmoms=...)",4,Bi25Cu25Se25O25,542,0.5,https://doi.org/10.1021/acsami.1c19266,-0.832861201,downloaded_cif_TE\mp-23116_CuBiSeO.cif
mp-23116,CuBiSeO,"MSONAtoms(symbols='Cu2Bi2Se2O2', pbc=True, cell=[3.949713, 3.949713, 9.067505], initial_magmoms=...)",4,Bi25Cu25Se25O25,639,0.46,https://doi.org/10.1021/acsami.1c19266,-0.832861201,downloaded_cif_TE\mp-23116_CuBiSeO.cif
mp-23116,CuBiSeO,"MSONAtoms(symbols='Cu2Bi2Se2O2', pbc=True, cell=[3.949713, 3.949713, 9.067505], initial_magmoms=...)",4,Bi25Cu25Se25O25,737,0.38,https://doi.org/10.1021/acsami.1c19266,-0.832861201,downloaded_cif_TE\mp-23116_CuBiSeO.cif
mp-23116,CuBiSeO,"MSONAtoms(symbols='Cu2Bi2Se2O2', pbc=True, cell=[3.949713, 3.949713, 9.067505], initial_magmoms=...)",4,Bi25Cu25Se25O25,839,0.38,https://doi.org/10.1021/acsami.1c19266,-0.832861201,downloaded_cif_TE\mp-23116_CuBiSeO.cif
mp-691,SnSe,"MSONAtoms(symbols='Sn4Se4', pbc=True, cell=[4.70090745, 4.12625095, 11.6644585])",2,Sn50Se50,300,2.33,https://doi.org/10.1021/acsami.1c20549,-0.453546308,downloaded_cif_TE\mp-691_SnSe.cif
mp-691,SnSe,"MSONAtoms(symbols='Sn4Se4', pbc=True, cell=[4.70090745, 4.12625095, 11.6644585])",2,Sn50Se50,373,1.77,https://doi.org/10.1021/acsami.1c20549,-0.453546308,downloaded_cif_TE\mp-691_SnSe.cif
mp-691,SnSe,"MSONAtoms(symbols='Sn4Se4', pbc=True, cell=[4.70090745, 4.12625095, 11.6644585])",2,Sn50Se50,473,1.29,https://doi.org/10.1021/acsami.1c20549,-0.453546308,downloaded_cif_TE\mp-691_SnSe.cif
mp-691,SnSe,"MSONAtoms(symbols='Sn4Se4', pbc=True, cell=[4.70090745, 4.12625095, 11.6644585])",2,Sn50Se50,573,1.05,https://doi.org/10.1021/acsami.1c20549,-0.453546308,downloaded_cif_TE\mp-691_SnSe.cif
mp-691,SnSe,"MSONAtoms(symbols='Sn4Se4', pbc=True, cell=[4.70090745, 4.12625095, 11.6644585])",2,Sn50Se50,673,0.89,https://doi.org/10.1021/acsami.1c20549,-0.453546308,downloaded_cif_TE\mp-691_SnSe.cif
mp-691,SnSe,"MSONAtoms(symbols='Sn4Se4', pbc=True, cell=[4.70090745, 4.12625095, 11.6644585])",2,Sn50Se50,773,0.6,https://doi.org/10.1021/acsami.1c20549,-0.453546308,downloaded_cif_TE\mp-691_SnSe.cif
mp-1521,Sb7Mo3,"MSONAtoms(symbols='Sb14Mo6', pbc=True, cell=[[7.85536334, 1e-08, -2.77729028], [-3.92768116, 6.80294402, -2.77729028], [-0.0, 0.0, 8.33187085]])",10,Mo30Sb70,723,6.82,https://doi.org/10.1063/1.5144156,0.002706001,downloaded_cif_TE\mp-1521_Sb7Mo3.cif
mp-1521,Sb7Mo3,"MSONAtoms(symbols='Sb14Mo6', pbc=True, cell=[[7.85536334, 1e-08, -2.77729028], [-3.92768116, 6.80294402, -2.77729028], [-0.0, 0.0, 8.33187085]])",10,Mo30Sb70,823,6.97,https://doi.org/10.1063/1.5144156,0.002706001,downloaded_cif_TE\mp-1521_Sb7Mo3.cif
mp-1225256,Eu2ZnSb2,"MSONAtoms(symbols='Eu2ZnSb2', pbc=True, cell=[[2.337592, -4.048827, 0.0], [2.337592, 4.048827, 0.0], [0.0, 0.0, 8.133557]], initial_magmoms=...)",5,Eu40Zn20Sb40,300,0.43,https://doi.org/10.1073/pnas.1819157116,-0.819803698,downloaded_cif_TE\mp-1225256_Eu2ZnSb2.cif
mp-1225256,Eu2ZnSb2,"MSONAtoms(symbols='Eu2ZnSb2', pbc=True, cell=[[2.337592, -4.048827, 0.0], [2.337592, 4.048827, 0.0], [0.0, 0.0, 8.133557]], initial_magmoms=...)",5,Eu40Zn20Sb40,473,0.4,https://doi.org/10.1073/pnas.1819157116,-0.819803698,downloaded_cif_TE\mp-1225256_Eu2ZnSb2.cif
mp-1225256,Eu2ZnSb2,"MSONAtoms(symbols='Eu2ZnSb2', pbc=True, cell=[[2.337592, -4.048827, 0.0], [2.337592, 4.048827, 0.0], [0.0, 0.0, 8.133557]], initial_magmoms=...)",5,Eu40Zn20Sb40,623,0.41,https://doi.org/10.1073/pnas.1819157116,-0.819803698,downloaded_cif_TE\mp-1225256_Eu2ZnSb2.cif
mp-1225256,Eu2ZnSb2,"MSONAtoms(symbols='Eu2ZnSb2', pbc=True, cell=[[2.337592, -4.048827, 0.0], [2.337592, 4.048827, 0.0], [0.0, 0.0, 8.133557]], initial_magmoms=...)",5,Eu40Zn20Sb40,823,0.47,https://doi.org/10.1073/pnas.1819157116,-0.819803698,downloaded_cif_TE\mp-1225256_Eu2ZnSb2.cif
mp-1225256,Eu2ZnSb2,"MSONAtoms(symbols='Eu2ZnSb2', pbc=True, cell=[[2.337592, -4.048827, 0.0], [2.337592, 4.048827, 0.0], [0.0, 0.0, 8.133557]], initial_magmoms=...)",5,Eu40Zn20Sb40,723,0.42,https://doi.org/10.1073/pnas.1819157116,-0.819803698,downloaded_cif_TE\mp-1225256_Eu2ZnSb2.cif
mp-19717,TePb,"MSONAtoms(symbols='TePb', pbc=True, cell=[[4.00601383, 2e-08, 2.31287352], [1.33533897, 3.77690621, 2.31287352], [-0.0, -0.0, 4.62574704]])",2,Pb50Te50,323,2.17,https://doi.org/10.1021/acsami.1c14518,-0.5038299,downloaded_cif_TE\mp-19717_TePb.cif
mp-19717,TePb,"MSONAtoms(symbols='TePb', pbc=True, cell=[[4.00601383, 2e-08, 2.31287352], [1.33533897, 3.77690621, 2.31287352], [-0.0, -0.0, 4.62574704]])",2,Pb50Te50,428,1.58,https://doi.org/10.1021/acsami.1c14518,-0.5038299,downloaded_cif_TE\mp-19717_TePb.cif
mp-19717,TePb,"MSONAtoms(symbols='TePb', pbc=True, cell=[[4.00601383, 2e-08, 2.31287352], [1.33533897, 3.77690621, 2.31287352], [-0.0, -0.0, 4.62574704]])",2,Pb50Te50,529,1.3,https://doi.org/10.1021/acsami.1c14518,-0.5038299,downloaded_cif_TE\mp-19717_TePb.cif
mp-19717,TePb,"MSONAtoms(symbols='TePb', pbc=True, cell=[[4.00601383, 2e-08, 2.31287352], [1.33533897, 3.77690621, 2.31287352], [-0.0, -0.0, 4.62574704]])",2,Pb50Te50,629,1.19,https://doi.org/10.1021/acsami.1c14518,-0.5038299,downloaded_cif_TE\mp-19717_TePb.cif
mp-19717,TePb,"MSONAtoms(symbols='TePb', pbc=True, cell=[[4.00601383, 2e-08, 2.31287352], [1.33533897, 3.77690621, 2.31287352], [-0.0, -0.0, 4.62574704]])",2,Pb50Te50,724,1.19,https://doi.org/10.1021/acsami.1c14518,-0.5038299,downloaded_cif_TE\mp-19717_TePb.cif
mp-19717,TePb,"MSONAtoms(symbols='TePb', pbc=True, cell=[[4.00601383, 2e-08, 2.31287352], [1.33533897, 3.77690621, 2.31287352], [-0.0, -0.0, 4.62574704]])",2,Pb50Te50,821,1.31,https://doi.org/10.1021/acsami.1c14518,-0.5038299,downloaded_cif_TE\mp-19717_TePb.cif
mp-938,GeTe,"MSONAtoms(symbols='GeTe', pbc=True, cell=[[3.7166743, 0.04140098, 2.35988507], [1.31776065, 3.47546919, 2.35988506], [0.05926534, 0.04140096, 4.40218144]])",2,Ge50Te50,325,7,https://doi.org/10.1021/acsami.1c11599,-0.035467995,downloaded_cif_TE\mp-938_GeTe.cif
mp-938,GeTe,"MSONAtoms(symbols='GeTe', pbc=True, cell=[[3.7166743, 0.04140098, 2.35988507], [1.31776065, 3.47546919, 2.35988506], [0.05926534, 0.04140096, 4.40218144]])",2,Ge50Te50,375,6.28,https://doi.org/10.1021/acsami.1c11599,-0.035467995,downloaded_cif_TE\mp-938_GeTe.cif
mp-938,GeTe,"MSONAtoms(symbols='GeTe', pbc=True, cell=[[3.7166743, 0.04140098, 2.35988507], [1.31776065, 3.47546919, 2.35988506], [0.05926534, 0.04140096, 4.40218144]])",2,Ge50Te50,425,5.55,https://doi.org/10.1021/acsami.1c11599,-0.035467995,downloaded_cif_TE\mp-938_GeTe.cif
mp-938,GeTe,"MSONAtoms(symbols='GeTe', pbc=True, cell=[[3.7166743, 0.04140098, 2.35988507], [1.31776065, 3.47546919, 2.35988506], [0.05926534, 0.04140096, 4.40218144]])",2,Ge50Te50,475,4.85,https://doi.org/10.1021/acsami.1c11599,-0.035467995,downloaded_cif_TE\mp-938_GeTe.cif
mp-938,GeTe,"MSONAtoms(symbols='GeTe', pbc=True, cell=[[3.7166743, 0.04140098, 2.35988507], [1.31776065, 3.47546919, 2.35988506], [0.05926534, 0.04140096, 4.40218144]])",2,Ge50Te50,525,4.28,https://doi.org/10.1021/acsami.1c11599,-0.035467995,downloaded_cif_TE\mp-938_GeTe.cif
mp-938,GeTe,"MSONAtoms(symbols='GeTe', pbc=True, cell=[[3.7166743, 0.04140098, 2.35988507], [1.31776065, 3.47546919, 2.35988506], [0.05926534, 0.04140096, 4.40218144]])",2,Ge50Te50,550,4,https://doi.org/10.1021/acsami.1c11599,-0.035467995,downloaded_cif_TE\mp-938_GeTe.cif
mp-691,SnSe,"MSONAtoms(symbols='Sn4Se4', pbc=True, cell=[4.70090745, 4.12625095, 11.6644585])",2,Sn50Se50,300,1.73,https://doi.org/10.1021/acsami.1c10081,-0.453546308,downloaded_cif_TE\mp-691_SnSe.cif
mp-691,SnSe,"MSONAtoms(symbols='Sn4Se4', pbc=True, cell=[4.70090745, 4.12625095, 11.6644585])",2,Sn50Se50,373,1.41,https://doi.org/10.1021/acsami.1c10081,-0.453546308,downloaded_cif_TE\mp-691_SnSe.cif
mp-691,SnSe,"MSONAtoms(symbols='Sn4Se4', pbc=True, cell=[4.70090745, 4.12625095, 11.6644585])",2,Sn50Se50,473,1.08,https://doi.org/10.1021/acsami.1c10081,-0.453546308,downloaded_cif_TE\mp-691_SnSe.cif
mp-691,SnSe,"MSONAtoms(symbols='Sn4Se4', pbc=True, cell=[4.70090745, 4.12625095, 11.6644585])",2,Sn50Se50,573,0.9,https://doi.org/10.1021/acsami.1c10081,-0.453546308,downloaded_cif_TE\mp-691_SnSe.cif
mp-691,SnSe,"MSONAtoms(symbols='Sn4Se4', pbc=True, cell=[4.70090745, 4.12625095, 11.6644585])",2,Sn50Se50,673,0.74,https://doi.org/10.1021/acsami.1c10081,-0.453546308,downloaded_cif_TE\mp-691_SnSe.cif
mp-691,SnSe,"MSONAtoms(symbols='Sn4Se4', pbc=True, cell=[4.70090745, 4.12625095, 11.6644585])",2,Sn50Se50,773,0.63,https://doi.org/10.1021/acsami.1c10081,-0.453546308,downloaded_cif_TE\mp-691_SnSe.cif
mp-691,SnSe,"MSONAtoms(symbols='Sn4Se4', pbc=True, cell=[4.70090745, 4.12625095, 11.6644585])",2,Sn50Se50,373,0.76,https://doi.org/10.1021/acsami.1c09208,-0.453546308,downloaded_cif_TE\mp-691_SnSe.cif
mp-691,SnSe,"MSONAtoms(symbols='Sn4Se4', pbc=True, cell=[4.70090745, 4.12625095, 11.6644585])",2,Sn50Se50,473,0.6,https://doi.org/10.1021/acsami.1c09208,-0.453546308,downloaded_cif_TE\mp-691_SnSe.cif
mp-691,SnSe,"MSONAtoms(symbols='Sn4Se4', pbc=True, cell=[4.70090745, 4.12625095, 11.6644585])",2,Sn50Se50,573,0.51,https://doi.org/10.1021/acsami.1c09208,-0.453546308,downloaded_cif_TE\mp-691_SnSe.cif
mp-691,SnSe,"MSONAtoms(symbols='Sn4Se4', pbc=True, cell=[4.70090745, 4.12625095, 11.6644585])",2,Sn50Se50,673,0.43,https://doi.org/10.1021/acsami.1c09208,-0.453546308,downloaded_cif_TE\mp-691_SnSe.cif
mp-691,SnSe,"MSONAtoms(symbols='Sn4Se4', pbc=True, cell=[4.70090745, 4.12625095, 11.6644585])",2,Sn50Se50,773,0.38,https://doi.org/10.1021/acsami.1c09208,-0.453546308,downloaded_cif_TE\mp-691_SnSe.cif
mp-691,SnSe,"MSONAtoms(symbols='Sn4Se4', pbc=True, cell=[4.70090745, 4.12625095, 11.6644585])",2,Sn50Se50,873,0.28,https://doi.org/10.1021/acsami.1c09208,-0.453546308,downloaded_cif_TE\mp-691_SnSe.cif
mp-691,SnSe,"MSONAtoms(symbols='Sn4Se4', pbc=True, cell=[4.70090745, 4.12625095, 11.6644585])",2,Sn50Se50,373,0.76,https://doi.org/10.1021/acsami.1c09208,-0.453546308,downloaded_cif_TE\mp-691_SnSe.cif
mp-691,SnSe,"MSONAtoms(symbols='Sn4Se4', pbc=True, cell=[4.70090745, 4.12625095, 11.6644585])",2,Sn50Se50,473,0.61,https://doi.org/10.1021/acsami.1c09208,-0.453546308,downloaded_cif_TE\mp-691_SnSe.cif
mp-691,SnSe,"MSONAtoms(symbols='Sn4Se4', pbc=True, cell=[4.70090745, 4.12625095, 11.6644585])",2,Sn50Se50,573,0.5,https://doi.org/10.1021/acsami.1c09208,-0.453546308,downloaded_cif_TE\mp-691_SnSe.cif
mp-691,SnSe,"MSONAtoms(symbols='Sn4Se4', pbc=True, cell=[4.70090745, 4.12625095, 11.6644585])",2,Sn50Se50,673,0.43,https://doi.org/10.1021/acsami.1c09208,-0.453546308,downloaded_cif_TE\mp-691_SnSe.cif
mp-691,SnSe,"MSONAtoms(symbols='Sn4Se4', pbc=True, cell=[4.70090745, 4.12625095, 11.6644585])",2,Sn50Se50,773,0.38,https://doi.org/10.1021/acsami.1c09208,-0.453546308,downloaded_cif_TE\mp-691_SnSe.cif
mp-691,SnSe,"MSONAtoms(symbols='Sn4Se4', pbc=True, cell=[4.70090745, 4.12625095, 11.6644585])",2,Sn50Se50,873,0.38,https://doi.org/10.1021/acsami.1c09208,-0.453546308,downloaded_cif_TE\mp-691_SnSe.cif
mp-34202,Bi2Te3,"MSONAtoms(symbols='Bi2Te3', pbc=True, cell=[[10.82767426, -2.20906506, 0.05426101], [10.82767426, 2.20906506, 0.05426101], [10.35795043, -0.0, 3.85153248]])",5,Bi40Te60,306,0.96,https://doi.org/10.1021/acsami.1c00355,-0.274401004,downloaded_cif_TE\mp-34202_Bi2Te3.cif
mp-34202,Bi2Te3,"MSONAtoms(symbols='Bi2Te3', pbc=True, cell=[[10.82767426, -2.20906506, 0.05426101], [10.82767426, 2.20906506, 0.05426101], [10.35795043, -0.0, 3.85153248]])",5,Bi40Te60,366,0.92,https://doi.org/10.1021/acsami.1c00355,-0.274401004,downloaded_cif_TE\mp-34202_Bi2Te3.cif
mp-34202,Bi2Te3,"MSONAtoms(symbols='Bi2Te3', pbc=True, cell=[[10.82767426, -2.20906506, 0.05426101], [10.82767426, 2.20906506, 0.05426101], [10.35795043, -0.0, 3.85153248]])",5,Bi40Te60,426,0.87,https://doi.org/10.1021/acsami.1c00355,-0.274401004,downloaded_cif_TE\mp-34202_Bi2Te3.cif
mp-34202,Bi2Te3,"MSONAtoms(symbols='Bi2Te3', pbc=True, cell=[[10.82767426, -2.20906506, 0.05426101], [10.82767426, 2.20906506, 0.05426101], [10.35795043, -0.0, 3.85153248]])",5,Bi40Te60,478,0.91,https://doi.org/10.1021/acsami.1c00355,-0.274401004,downloaded_cif_TE\mp-34202_Bi2Te3.cif
mp-34202,Bi2Te3,"MSONAtoms(symbols='Bi2Te3', pbc=True, cell=[[10.82767426, -2.20906506, 0.05426101], [10.82767426, 2.20906506, 0.05426101], [10.35795043, -0.0, 3.85153248]])",5,Bi40Te60,505,0.92,https://doi.org/10.1021/acsami.1c00355,-0.274401004,downloaded_cif_TE\mp-34202_Bi2Te3.cif
mp-34202,Bi2Te3,"MSONAtoms(symbols='Bi2Te3', pbc=True, cell=[[10.82767426, -2.20906506, 0.05426101], [10.82767426, 2.20906506, 0.05426101], [10.35795043, -0.0, 3.85153248]])",5,Bi40Te60,572,0.96,https://doi.org/10.1021/acsami.1c00355,-0.274401004,downloaded_cif_TE\mp-34202_Bi2Te3.cif
mp-23116,CuBiSeO,"MSONAtoms(symbols='Cu2Bi2Se2O2', pbc=True, cell=[3.949713, 3.949713, 9.067505], initial_magmoms=...)",4,Bi25Cu25Se25O25,100,2.85,https://doi.org/10.1021/acsami.0c22861,-0.832861201,downloaded_cif_TE\mp-23116_CuBiSeO.cif
mp-23116,CuBiSeO,"MSONAtoms(symbols='Cu2Bi2Se2O2', pbc=True, cell=[3.949713, 3.949713, 9.067505], initial_magmoms=...)",4,Bi25Cu25Se25O25,150,2.1,https://doi.org/10.1021/acsami.0c22861,-0.832861201,downloaded_cif_TE\mp-23116_CuBiSeO.cif
mp-23116,CuBiSeO,"MSONAtoms(symbols='Cu2Bi2Se2O2', pbc=True, cell=[3.949713, 3.949713, 9.067505], initial_magmoms=...)",4,Bi25Cu25Se25O25,250,1.54,https://doi.org/10.1021/acsami.0c22861,-0.832861201,downloaded_cif_TE\mp-23116_CuBiSeO.cif
mp-700,GeSe,"MSONAtoms(symbols='Ge4Se4', pbc=True, cell=[3.78718786, 4.66436352, 11.25603494])",2,Ge50Se50,326,2.84,https://doi.org/10.1021/acsami.0c10850,-0.451703091,downloaded_cif_TE\mp-700_GeSe.cif
mp-700,GeSe,"MSONAtoms(symbols='Ge4Se4', pbc=True, cell=[3.78718786, 4.66436352, 11.25603494])",2,Ge50Se50,424,2.01,https://doi.org/10.1021/acsami.0c10850,-0.451703091,downloaded_cif_TE\mp-700_GeSe.cif
mp-700,GeSe,"MSONAtoms(symbols='Ge4Se4', pbc=True, cell=[3.78718786, 4.66436352, 11.25603494])",2,Ge50Se50,524,1.46,https://doi.org/10.1021/acsami.0c10850,-0.451703091,downloaded_cif_TE\mp-700_GeSe.cif
mp-700,GeSe,"MSONAtoms(symbols='Ge4Se4', pbc=True, cell=[3.78718786, 4.66436352, 11.25603494])",2,Ge50Se50,623,1.14,https://doi.org/10.1021/acsami.0c10850,-0.451703091,downloaded_cif_TE\mp-700_GeSe.cif
mp-700,GeSe,"MSONAtoms(symbols='Ge4Se4', pbc=True, cell=[3.78718786, 4.66436352, 11.25603494])",2,Ge50Se50,673,0.99,https://doi.org/10.1021/acsami.0c10850,-0.451703091,downloaded_cif_TE\mp-700_GeSe.cif
mp-700,GeSe,"MSONAtoms(symbols='Ge4Se4', pbc=True, cell=[3.78718786, 4.66436352, 11.25603494])",2,Ge50Se50,723,0.87,https://doi.org/10.1021/acsami.0c10850,-0.451703091,downloaded_cif_TE\mp-700_GeSe.cif
mp-700,GeSe,"MSONAtoms(symbols='Ge4Se4', pbc=True, cell=[3.78718786, 4.66436352, 11.25603494])",2,Ge50Se50,772,0.76,https://doi.org/10.1021/acsami.0c10850,-0.451703091,downloaded_cif_TE\mp-700_GeSe.cif
mp-1224336,Ge2TeSe,"MSONAtoms(symbols='Ge2TeSe', pbc=True, cell=[[6.827859, -2.060358, 0.0], [6.827859, 2.060358, 0.0], [6.206131, 0.0, 3.514069]], initial_magmoms=...)",4,Ge50Se25Te25,320,2.96,https://doi.org/10.1021/acsami.0c10850,-0.24694954,downloaded_cif_TE\mp-1224336_Ge2TeSe.cif
mp-1224336,Ge2TeSe,"MSONAtoms(symbols='Ge2TeSe', pbc=True, cell=[[6.827859, -2.060358, 0.0], [6.827859, 2.060358, 0.0], [6.206131, 0.0, 3.514069]], initial_magmoms=...)",4,Ge50Se25Te25,430,2.65,https://doi.org/10.1021/acsami.0c10850,-0.24694954,downloaded_cif_TE\mp-1224336_Ge2TeSe.cif
mp-1224336,Ge2TeSe,"MSONAtoms(symbols='Ge2TeSe', pbc=True, cell=[[6.827859, -2.060358, 0.0], [6.827859, 2.060358, 0.0], [6.206131, 0.0, 3.514069]], initial_magmoms=...)",4,Ge50Se25Te25,530,2.27,https://doi.org/10.1021/acsami.0c10850,-0.24694954,downloaded_cif_TE\mp-1224336_Ge2TeSe.cif
mp-1224336,Ge2TeSe,"MSONAtoms(symbols='Ge2TeSe', pbc=True, cell=[[6.827859, -2.060358, 0.0], [6.827859, 2.060358, 0.0], [6.206131, 0.0, 3.514069]], initial_magmoms=...)",4,Ge50Se25Te25,630,2.03,https://doi.org/10.1021/acsami.0c10850,-0.24694954,downloaded_cif_TE\mp-1224336_Ge2TeSe.cif
mp-1224336,Ge2TeSe,"MSONAtoms(symbols='Ge2TeSe', pbc=True, cell=[[6.827859, -2.060358, 0.0], [6.827859, 2.060358, 0.0], [6.206131, 0.0, 3.514069]], initial_magmoms=...)",4,Ge50Se25Te25,678,2.61,https://doi.org/10.1021/acsami.0c10850,-0.24694954,downloaded_cif_TE\mp-1224336_Ge2TeSe.cif
mp-1224336,Ge2TeSe,"MSONAtoms(symbols='Ge2TeSe', pbc=True, cell=[[6.827859, -2.060358, 0.0], [6.827859, 2.060358, 0.0], [6.206131, 0.0, 3.514069]], initial_magmoms=...)",4,Ge50Se25Te25,728,2.45,https://doi.org/10.1021/acsami.0c10850,-0.24694954,downloaded_cif_TE\mp-1224336_Ge2TeSe.cif
mp-1224336,Ge2TeSe,"MSONAtoms(symbols='Ge2TeSe', pbc=True, cell=[[6.827859, -2.060358, 0.0], [6.827859, 2.060358, 0.0], [6.206131, 0.0, 3.514069]], initial_magmoms=...)",4,Ge50Se25Te25,776,2.31,https://doi.org/10.1021/acsami.0c10850,-0.24694954,downloaded_cif_TE\mp-1224336_Ge2TeSe.cif
mp-1222152,Mg2ZnSb2,"MSONAtoms(symbols='Mg2ZnSb2', pbc=True, cell=[[2.21862221, -3.84276585, -0.0], [2.21862221, 3.84276585, 0.0], [0.0, -0.0, 7.26547851]])",5,Mg40Zn20Sb40,300,0.73,https://doi.org/10.1021/acsami.0c09391,-0.305144642,downloaded_cif_TE\mp-1222152_Mg2ZnSb2.cif
mp-1222152,Mg2ZnSb2,"MSONAtoms(symbols='Mg2ZnSb2', pbc=True, cell=[[2.21862221, -3.84276585, -0.0], [2.21862221, 3.84276585, 0.0], [0.0, -0.0, 7.26547851]])",5,Mg40Zn20Sb40,373,0.69,https://doi.org/10.1021/acsami.0c09391,-0.305144642,downloaded_cif_TE\mp-1222152_Mg2ZnSb2.cif
mp-1222152,Mg2ZnSb2,"MSONAtoms(symbols='Mg2ZnSb2', pbc=True, cell=[[2.21862221, -3.84276585, -0.0], [2.21862221, 3.84276585, 0.0], [0.0, -0.0, 7.26547851]])",5,Mg40Zn20Sb40,473,0.74,https://doi.org/10.1021/acsami.0c09391,-0.305144642,downloaded_cif_TE\mp-1222152_Mg2ZnSb2.cif
mp-1222152,Mg2ZnSb2,"MSONAtoms(symbols='Mg2ZnSb2', pbc=True, cell=[[2.21862221, -3.84276585, -0.0], [2.21862221, 3.84276585, 0.0], [0.0, -0.0, 7.26547851]])",5,Mg40Zn20Sb40,573,0.87,https://doi.org/10.1021/acsami.0c09391,-0.305144642,downloaded_cif_TE\mp-1222152_Mg2ZnSb2.cif
mp-1222152,Mg2ZnSb2,"MSONAtoms(symbols='Mg2ZnSb2', pbc=True, cell=[[2.21862221, -3.84276585, -0.0], [2.21862221, 3.84276585, 0.0], [0.0, -0.0, 7.26547851]])",5,Mg40Zn20Sb40,673,1.03,https://doi.org/10.1021/acsami.0c09391,-0.305144642,downloaded_cif_TE\mp-1222152_Mg2ZnSb2.cif
mp-1222152,Mg2ZnSb2,"MSONAtoms(symbols='Mg2ZnSb2', pbc=True, cell=[[2.21862221, -3.84276585, -0.0], [2.21862221, 3.84276585, 0.0], [0.0, -0.0, 7.26547851]])",5,Mg40Zn20Sb40,773,1.19,https://doi.org/10.1021/acsami.0c09391,-0.305144642,downloaded_cif_TE\mp-1222152_Mg2ZnSb2.cif
mp-1883,SnTe,"MSONAtoms(symbols='SnTe', pbc=True, cell=[[3.90180836, 1e-08, 2.25271045], [1.30060313, 3.67866008, 2.25271045], [1e-08, 1e-08, 4.50541987]])",2,Sn50Te50,323,8.13,https://doi.org/10.1021/acsami.0c09781,-0.26504988,downloaded_cif_TE\mp-1883_SnTe.cif
mp-1883,SnTe,"MSONAtoms(symbols='SnTe', pbc=True, cell=[[3.90180836, 1e-08, 2.25271045], [1.30060313, 3.67866008, 2.25271045], [1e-08, 1e-08, 4.50541987]])",2,Sn50Te50,423,7.55,https://doi.org/10.1021/acsami.0c09781,-0.26504988,downloaded_cif_TE\mp-1883_SnTe.cif
mp-1883,SnTe,"MSONAtoms(symbols='SnTe', pbc=True, cell=[[3.90180836, 1e-08, 2.25271045], [1.30060313, 3.67866008, 2.25271045], [1e-08, 1e-08, 4.50541987]])",2,Sn50Te50,523,6.7,https://doi.org/10.1021/acsami.0c09781,-0.26504988,downloaded_cif_TE\mp-1883_SnTe.cif
mp-1883,SnTe,"MSONAtoms(symbols='SnTe', pbc=True, cell=[[3.90180836, 1e-08, 2.25271045], [1.30060313, 3.67866008, 2.25271045], [1e-08, 1e-08, 4.50541987]])",2,Sn50Te50,623,5.63,https://doi.org/10.1021/acsami.0c09781,-0.26504988,downloaded_cif_TE\mp-1883_SnTe.cif
mp-1883,SnTe,"MSONAtoms(symbols='SnTe', pbc=True, cell=[[3.90180836, 1e-08, 2.25271045], [1.30060313, 3.67866008, 2.25271045], [1e-08, 1e-08, 4.50541987]])",2,Sn50Te50,723,4.61,https://doi.org/10.1021/acsami.0c09781,-0.26504988,downloaded_cif_TE\mp-1883_SnTe.cif
mp-1227403,Bi(SbTe2)3,"MSONAtoms(symbols='BiSb3Te6', pbc=True, cell=[[20.616245, -2.182162, 0.0], [20.616245, 2.182162, 0.0], [20.38527, 0.0, 3.772551]], initial_magmoms=...)",10,Bi10Sb30Te60,299.6765,1.10609,10.1126/science.1156446,-0.407621485,downloaded_cif_TE\mp-1227403_Bi(SbTe2)3.cif
mp-1227403,Bi(SbTe2)3,"MSONAtoms(symbols='BiSb3Te6', pbc=True, cell=[[20.616245, -2.182162, 0.0], [20.616245, 2.182162, 0.0], [20.38527, 0.0, 3.772551]], initial_magmoms=...)",10,Bi10Sb30Te60,323.803,1.05971,10.1126/science.1156446,-0.407621485,downloaded_cif_TE\mp-1227403_Bi(SbTe2)3.cif
mp-1227403,Bi(SbTe2)3,"MSONAtoms(symbols='BiSb3Te6', pbc=True, cell=[[20.616245, -2.182162, 0.0], [20.616245, 2.182162, 0.0], [20.38527, 0.0, 3.772551]], initial_magmoms=...)",10,Bi10Sb30Te60,347.9363,1.02725,10.1126/science.1156446,-0.407621485,downloaded_cif_TE\mp-1227403_Bi(SbTe2)3.cif
mp-1227403,Bi(SbTe2)3,"MSONAtoms(symbols='BiSb3Te6', pbc=True, cell=[[20.616245, -2.182162, 0.0], [20.616245, 2.182162, 0.0], [20.38527, 0.0, 3.772551]], initial_magmoms=...)",10,Bi10Sb30Te60,375.276,0.985507,10.1126/science.1156446,-0.407621485,downloaded_cif_TE\mp-1227403_Bi(SbTe2)3.cif
mp-1227403,Bi(SbTe2)3,"MSONAtoms(symbols='BiSb3Te6', pbc=True, cell=[[20.616245, -2.182162, 0.0], [20.616245, 2.182162, 0.0], [20.38527, 0.0, 3.772551]], initial_magmoms=...)",10,Bi10Sb30Te60,399.994,0.990145,10.1126/science.1156446,-0.407621485,downloaded_cif_TE\mp-1227403_Bi(SbTe2)3.cif
mp-1227403,Bi(SbTe2)3,"MSONAtoms(symbols='BiSb3Te6', pbc=True, cell=[[20.616245, -2.182162, 0.0], [20.616245, 2.182162, 0.0], [20.38527, 0.0, 3.772551]], initial_magmoms=...)",10,Bi10Sb30Te60,424.709,1.00406,10.1126/science.1156446,-0.407621485,downloaded_cif_TE\mp-1227403_Bi(SbTe2)3.cif
mp-1227403,Bi(SbTe2)3,"MSONAtoms(symbols='BiSb3Te6', pbc=True, cell=[[20.616245, -2.182162, 0.0], [20.616245, 2.182162, 0.0], [20.38527, 0.0, 3.772551]], initial_magmoms=...)",10,Bi10Sb30Te60,451.342,1.05971,10.1126/science.1156446,-0.407621485,downloaded_cif_TE\mp-1227403_Bi(SbTe2)3.cif
mp-1227403,Bi(SbTe2)3,"MSONAtoms(symbols='BiSb3Te6', pbc=True, cell=[[20.616245, -2.182162, 0.0], [20.616245, 2.182162, 0.0], [20.38527, 0.0, 3.772551]], initial_magmoms=...)",10,Bi10Sb30Te60,474.674,1.12928,10.1126/science.1156446,-0.407621485,downloaded_cif_TE\mp-1227403_Bi(SbTe2)3.cif
mp-1227403,Bi(SbTe2)3,"MSONAtoms(symbols='BiSb3Te6', pbc=True, cell=[[20.616245, -2.182162, 0.0], [20.616245, 2.182162, 0.0], [20.38527, 0.0, 3.772551]], initial_magmoms=...)",10,Bi10Sb30Te60,500.577,1.1942,10.1126/science.1156446,-0.407621485,downloaded_cif_TE\mp-1227403_Bi(SbTe2)3.cif
mp-1227403,Bi(SbTe2)3,"MSONAtoms(symbols='BiSb3Te6', pbc=True, cell=[[20.616245, -2.182162, 0.0], [20.616245, 2.182162, 0.0], [20.38527, 0.0, 3.772551]], initial_magmoms=...)",10,Bi10Sb30Te60,525.81,1.28232,10.1126/science.1156446,-0.407621485,downloaded_cif_TE\mp-1227403_Bi(SbTe2)3.cif
mp-34202,Bi2Te3,"MSONAtoms(symbols='Bi2Te3', pbc=True, cell=[[10.82767426, -2.20906506, 0.05426101], [10.82767426, 2.20906506, 0.05426101], [10.35795043, -0.0, 3.85153248]])",5,Bi40Te60,324.117,0.293542,10.1039/c3ra23197f,-0.274401004,downloaded_cif_TE\mp-34202_Bi2Te3.cif
mp-34202,Bi2Te3,"MSONAtoms(symbols='Bi2Te3', pbc=True, cell=[[10.82767426, -2.20906506, 0.05426101], [10.82767426, 2.20906506, 0.05426101], [10.35795043, -0.0, 3.85153248]])",5,Bi40Te60,373.265,0.285722,10.1039/c3ra23197f,-0.274401004,downloaded_cif_TE\mp-34202_Bi2Te3.cif
mp-34202,Bi2Te3,"MSONAtoms(symbols='Bi2Te3', pbc=True, cell=[[10.82767426, -2.20906506, 0.05426101], [10.82767426, 2.20906506, 0.05426101], [10.35795043, -0.0, 3.85153248]])",5,Bi40Te60,424.411,0.286122,10.1039/c3ra23197f,-0.274401004,downloaded_cif_TE\mp-34202_Bi2Te3.cif
mp-34202,Bi2Te3,"MSONAtoms(symbols='Bi2Te3', pbc=True, cell=[[10.82767426, -2.20906506, 0.05426101], [10.82767426, 2.20906506, 0.05426101], [10.35795043, -0.0, 3.85153248]])",5,Bi40Te60,474.577,0.264639,10.1039/c3ra23197f,-0.274401004,downloaded_cif_TE\mp-34202_Bi2Te3.cif
mp-34202,Bi2Te3,"MSONAtoms(symbols='Bi2Te3', pbc=True, cell=[[10.82767426, -2.20906506, 0.05426101], [10.82767426, 2.20906506, 0.05426101], [10.35795043, -0.0, 3.85153248]])",5,Bi40Te60,523.731,0.25135,10.1039/c3ra23197f,-0.274401004,downloaded_cif_TE\mp-34202_Bi2Te3.cif
mp-34202,Bi2Te3,"MSONAtoms(symbols='Bi2Te3', pbc=True, cell=[[10.82767426, -2.20906506, 0.05426101], [10.82767426, 2.20906506, 0.05426101], [10.35795043, -0.0, 3.85153248]])",5,Bi40Te60,572.868,0.254469,10.1039/c3ra23197f,-0.274401004,downloaded_cif_TE\mp-34202_Bi2Te3.cif
mp-1227403,Bi(SbTe2)3,"MSONAtoms(symbols='BiSb3Te6', pbc=True, cell=[[20.616245, -2.182162, 0.0], [20.616245, 2.182162, 0.0], [20.38527, 0.0, 3.772551]], initial_magmoms=...)",10,Bi10Sb30Te60,301.276,0.964507,https://api.semanticscholar.org/corpusid:137891673,-0.407621485,downloaded_cif_TE\mp-1227403_Bi(SbTe2)3.cif
mp-1227403,Bi(SbTe2)3,"MSONAtoms(symbols='BiSb3Te6', pbc=True, cell=[[20.616245, -2.182162, 0.0], [20.616245, 2.182162, 0.0], [20.38527, 0.0, 3.772551]], initial_magmoms=...)",10,Bi10Sb30Te60,322.035,0.917647,https://api.semanticscholar.org/corpusid:137891673,-0.407621485,downloaded_cif_TE\mp-1227403_Bi(SbTe2)3.cif
mp-1227403,Bi(SbTe2)3,"MSONAtoms(symbols='BiSb3Te6', pbc=True, cell=[[20.616245, -2.182162, 0.0], [20.616245, 2.182162, 0.0], [20.38527, 0.0, 3.772551]], initial_magmoms=...)",10,Bi10Sb30Te60,341.947,0.861209,https://api.semanticscholar.org/corpusid:137891673,-0.407621485,downloaded_cif_TE\mp-1227403_Bi(SbTe2)3.cif
mp-1227403,Bi(SbTe2)3,"MSONAtoms(symbols='BiSb3Te6', pbc=True, cell=[[20.616245, -2.182162, 0.0], [20.616245, 2.182162, 0.0], [20.38527, 0.0, 3.772551]], initial_magmoms=...)",10,Bi10Sb30Te60,361.576,0.803405,https://api.semanticscholar.org/corpusid:137891673,-0.407621485,downloaded_cif_TE\mp-1227403_Bi(SbTe2)3.cif
mp-1227403,Bi(SbTe2)3,"MSONAtoms(symbols='BiSb3Te6', pbc=True, cell=[[20.616245, -2.182162, 0.0], [20.616245, 2.182162, 0.0], [20.38527, 0.0, 3.772551]], initial_magmoms=...)",10,Bi10Sb30Te60,380.926,0.746976,https://api.semanticscholar.org/corpusid:137891673,-0.407621485,downloaded_cif_TE\mp-1227403_Bi(SbTe2)3.cif
mp-1227403,Bi(SbTe2)3,"MSONAtoms(symbols='BiSb3Te6', pbc=True, cell=[[20.616245, -2.182162, 0.0], [20.616245, 2.182162, 0.0], [20.38527, 0.0, 3.772551]], initial_magmoms=...)",10,Bi10Sb30Te60,400.571,0.716569,https://api.semanticscholar.org/corpusid:137891673,-0.407621485,downloaded_cif_TE\mp-1227403_Bi(SbTe2)3.cif
mp-1227403,Bi(SbTe2)3,"MSONAtoms(symbols='BiSb3Te6', pbc=True, cell=[[20.616245, -2.182162, 0.0], [20.616245, 2.182162, 0.0], [20.38527, 0.0, 3.772551]], initial_magmoms=...)",10,Bi10Sb30Te60,299.381,0.900272,10.1002/aenm.201401391,-0.407621485,downloaded_cif_TE\mp-1227403_Bi(SbTe2)3.cif
mp-1227403,Bi(SbTe2)3,"MSONAtoms(symbols='BiSb3Te6', pbc=True, cell=[[20.616245, -2.182162, 0.0], [20.616245, 2.182162, 0.0], [20.38527, 0.0, 3.772551]], initial_magmoms=...)",10,Bi10Sb30Te60,309.598,0.887193,10.1002/aenm.201401391,-0.407621485,downloaded_cif_TE\mp-1227403_Bi(SbTe2)3.cif
mp-1227403,Bi(SbTe2)3,"MSONAtoms(symbols='BiSb3Te6', pbc=True, cell=[[20.616245, -2.182162, 0.0], [20.616245, 2.182162, 0.0], [20.38527, 0.0, 3.772551]], initial_magmoms=...)",10,Bi10Sb30Te60,320.124,0.876294,10.1002/aenm.201401391,-0.407621485,downloaded_cif_TE\mp-1227403_Bi(SbTe2)3.cif
mp-1227403,Bi(SbTe2)3,"MSONAtoms(symbols='BiSb3Te6', pbc=True, cell=[[20.616245, -2.182162, 0.0], [20.616245, 2.182162, 0.0], [20.38527, 0.0, 3.772551]], initial_magmoms=...)",10,Bi10Sb30Te60,329.721,0.867575,10.1002/aenm.201401391,-0.407621485,downloaded_cif_TE\mp-1227403_Bi(SbTe2)3.cif
mp-1227403,Bi(SbTe2)3,"MSONAtoms(symbols='BiSb3Te6', pbc=True, cell=[[20.616245, -2.182162, 0.0], [20.616245, 2.182162, 0.0], [20.38527, 0.0, 3.772551]], initial_magmoms=...)",10,Bi10Sb30Te60,339.938,0.856676,10.1002/aenm.201401391,-0.407621485,downloaded_cif_TE\mp-1227403_Bi(SbTe2)3.cif
mp-1227403,Bi(SbTe2)3,"MSONAtoms(symbols='BiSb3Te6', pbc=True, cell=[[20.616245, -2.182162, 0.0], [20.616245, 2.182162, 0.0], [20.38527, 0.0, 3.772551]], initial_magmoms=...)",10,Bi10Sb30Te60,350.464,0.858856,10.1002/aenm.201401391,-0.407621485,downloaded_cif_TE\mp-1227403_Bi(SbTe2)3.cif
mp-1227403,Bi(SbTe2)3,"MSONAtoms(symbols='BiSb3Te6', pbc=True, cell=[[20.616245, -2.182162, 0.0], [20.616245, 2.182162, 0.0], [20.38527, 0.0, 3.772551]], initial_magmoms=...)",10,Bi10Sb30Te60,359.443,0.861035,10.1002/aenm.201401391,-0.407621485,downloaded_cif_TE\mp-1227403_Bi(SbTe2)3.cif
mp-1227403,Bi(SbTe2)3,"MSONAtoms(symbols='BiSb3Te6', pbc=True, cell=[[20.616245, -2.182162, 0.0], [20.616245, 2.182162, 0.0], [20.38527, 0.0, 3.772551]], initial_magmoms=...)",10,Bi10Sb30Te60,369.969,0.871935,10.1002/aenm.201401391,-0.407621485,downloaded_cif_TE\mp-1227403_Bi(SbTe2)3.cif
mp-1227403,Bi(SbTe2)3,"MSONAtoms(symbols='BiSb3Te6', pbc=True, cell=[[20.616245, -2.182162, 0.0], [20.616245, 2.182162, 0.0], [20.38527, 0.0, 3.772551]], initial_magmoms=...)",10,Bi10Sb30Te60,379.567,0.882834,10.1002/aenm.201401391,-0.407621485,downloaded_cif_TE\mp-1227403_Bi(SbTe2)3.cif
mp-1227403,Bi(SbTe2)3,"MSONAtoms(symbols='BiSb3Te6', pbc=True, cell=[[20.616245, -2.182162, 0.0], [20.616245, 2.182162, 0.0], [20.38527, 0.0, 3.772551]], initial_magmoms=...)",10,Bi10Sb30Te60,389.783,0.902452,10.1002/aenm.201401391,-0.407621485,downloaded_cif_TE\mp-1227403_Bi(SbTe2)3.cif
mp-1227403,Bi(SbTe2)3,"MSONAtoms(symbols='BiSb3Te6', pbc=True, cell=[[20.616245, -2.182162, 0.0], [20.616245, 2.182162, 0.0], [20.38527, 0.0, 3.772551]], initial_magmoms=...)",10,Bi10Sb30Te60,400,0.922071,10.1002/aenm.201401391,-0.407621485,downloaded_cif_TE\mp-1227403_Bi(SbTe2)3.cif
mp-1227403,Bi(SbTe2)3,"MSONAtoms(symbols='BiSb3Te6', pbc=True, cell=[[20.616245, -2.182162, 0.0], [20.616245, 2.182162, 0.0], [20.38527, 0.0, 3.772551]], initial_magmoms=...)",10,Bi10Sb30Te60,410.217,0.948229,10.1002/aenm.201401391,-0.407621485,downloaded_cif_TE\mp-1227403_Bi(SbTe2)3.cif
mp-1227403,Bi(SbTe2)3,"MSONAtoms(symbols='BiSb3Te6', pbc=True, cell=[[20.616245, -2.182162, 0.0], [20.616245, 2.182162, 0.0], [20.38527, 0.0, 3.772551]], initial_magmoms=...)",10,Bi10Sb30Te60,419.195,0.972207,10.1002/aenm.201401391,-0.407621485,downloaded_cif_TE\mp-1227403_Bi(SbTe2)3.cif
mp-1227403,Bi(SbTe2)3,"MSONAtoms(symbols='BiSb3Te6', pbc=True, cell=[[20.616245, -2.182162, 0.0], [20.616245, 2.182162, 0.0], [20.38527, 0.0, 3.772551]], initial_magmoms=...)",10,Bi10Sb30Te60,430.341,1.0049,10.1002/aenm.201401391,-0.407621485,downloaded_cif_TE\mp-1227403_Bi(SbTe2)3.cif
mp-1227403,Bi(SbTe2)3,"MSONAtoms(symbols='BiSb3Te6', pbc=True, cell=[[20.616245, -2.182162, 0.0], [20.616245, 2.182162, 0.0], [20.38527, 0.0, 3.772551]], initial_magmoms=...)",10,Bi10Sb30Te60,439.938,1.04196,10.1002/aenm.201401391,-0.407621485,downloaded_cif_TE\mp-1227403_Bi(SbTe2)3.cif
mp-1227403,Bi(SbTe2)3,"MSONAtoms(symbols='BiSb3Te6', pbc=True, cell=[[20.616245, -2.182162, 0.0], [20.616245, 2.182162, 0.0], [20.38527, 0.0, 3.772551]], initial_magmoms=...)",10,Bi10Sb30Te60,449.845,1.07684,10.1002/aenm.201401391,-0.407621485,downloaded_cif_TE\mp-1227403_Bi(SbTe2)3.cif
mp-1227403,Bi(SbTe2)3,"MSONAtoms(symbols='BiSb3Te6', pbc=True, cell=[[20.616245, -2.182162, 0.0], [20.616245, 2.182162, 0.0], [20.38527, 0.0, 3.772551]], initial_magmoms=...)",10,Bi10Sb30Te60,460.062,1.11826,10.1002/aenm.201401391,-0.407621485,downloaded_cif_TE\mp-1227403_Bi(SbTe2)3.cif
mp-1227403,Bi(SbTe2)3,"MSONAtoms(symbols='BiSb3Te6', pbc=True, cell=[[20.616245, -2.182162, 0.0], [20.616245, 2.182162, 0.0], [20.38527, 0.0, 3.772551]], initial_magmoms=...)",10,Bi10Sb30Te60,469.969,1.16403,10.1002/aenm.201401391,-0.407621485,downloaded_cif_TE\mp-1227403_Bi(SbTe2)3.cif
mp-1227403,Bi(SbTe2)3,"MSONAtoms(symbols='BiSb3Te6', pbc=True, cell=[[20.616245, -2.182162, 0.0], [20.616245, 2.182162, 0.0], [20.38527, 0.0, 3.772551]], initial_magmoms=...)",10,Bi10Sb30Te60,479.876,1.21853,10.1002/aenm.201401391,-0.407621485,downloaded_cif_TE\mp-1227403_Bi(SbTe2)3.cif
mp-1227403,Bi(SbTe2)3,"MSONAtoms(symbols='BiSb3Te6', pbc=True, cell=[[20.616245, -2.182162, 0.0], [20.616245, 2.182162, 0.0], [20.38527, 0.0, 3.772551]], initial_magmoms=...)",10,Bi10Sb30Te60,489.783,1.28174,10.1002/aenm.201401391,-0.407621485,downloaded_cif_TE\mp-1227403_Bi(SbTe2)3.cif
mp-1227403,Bi(SbTe2)3,"MSONAtoms(symbols='BiSb3Te6', pbc=True, cell=[[20.616245, -2.182162, 0.0], [20.616245, 2.182162, 0.0], [20.38527, 0.0, 3.772551]], initial_magmoms=...)",10,Bi10Sb30Te60,500,1.33624,10.1002/aenm.201401391,-0.407621485,downloaded_cif_TE\mp-1227403_Bi(SbTe2)3.cif
mp-34202,Bi2Te3,"MSONAtoms(symbols='Bi2Te3', pbc=True, cell=[[10.82767426, -2.20906506, 0.05426101], [10.82767426, 2.20906506, 0.05426101], [10.35795043, -0.0, 3.85153248]])",5,Bi40Te60,47.626,0.821547,10.1039/c4nr00191e,-0.274401004,downloaded_cif_TE\mp-34202_Bi2Te3.cif
mp-34202,Bi2Te3,"MSONAtoms(symbols='Bi2Te3', pbc=True, cell=[[10.82767426, -2.20906506, 0.05426101], [10.82767426, 2.20906506, 0.05426101], [10.35795043, -0.0, 3.85153248]])",5,Bi40Te60,100.189,1.12395,10.1039/c4nr00191e,-0.274401004,downloaded_cif_TE\mp-34202_Bi2Te3.cif
mp-34202,Bi2Te3,"MSONAtoms(symbols='Bi2Te3', pbc=True, cell=[[10.82767426, -2.20906506, 0.05426101], [10.82767426, 2.20906506, 0.05426101], [10.35795043, -0.0, 3.85153248]])",5,Bi40Te60,149.769,1.21476,10.1039/c4nr00191e,-0.274401004,downloaded_cif_TE\mp-34202_Bi2Te3.cif
mp-34202,Bi2Te3,"MSONAtoms(symbols='Bi2Te3', pbc=True, cell=[[10.82767426, -2.20906506, 0.05426101], [10.82767426, 2.20906506, 0.05426101], [10.35795043, -0.0, 3.85153248]])",5,Bi40Te60,198.73,1.37606,10.1039/c4nr00191e,-0.274401004,downloaded_cif_TE\mp-34202_Bi2Te3.cif
mp-34202,Bi2Te3,"MSONAtoms(symbols='Bi2Te3', pbc=True, cell=[[10.82767426, -2.20906506, 0.05426101], [10.82767426, 2.20906506, 0.05426101], [10.35795043, -0.0, 3.85153248]])",5,Bi40Te60,248.922,1.42841,10.1039/c4nr00191e,-0.274401004,downloaded_cif_TE\mp-34202_Bi2Te3.cif
mp-34202,Bi2Te3,"MSONAtoms(symbols='Bi2Te3', pbc=True, cell=[[10.82767426, -2.20906506, 0.05426101], [10.82767426, 2.20906506, 0.05426101], [10.35795043, -0.0, 3.85153248]])",5,Bi40Te60,299.73,1.41668,10.1039/c4nr00191e,-0.274401004,downloaded_cif_TE\mp-34202_Bi2Te3.cif
mp-34202,Bi2Te3,"MSONAtoms(symbols='Bi2Te3', pbc=True, cell=[[10.82767426, -2.20906506, 0.05426101], [10.82767426, 2.20906506, 0.05426101], [10.35795043, -0.0, 3.85153248]])",5,Bi40Te60,300,0.559223,10.1021/nl203389x,-0.274401004,downloaded_cif_TE\mp-34202_Bi2Te3.cif
mp-34202,Bi2Te3,"MSONAtoms(symbols='Bi2Te3', pbc=True, cell=[[10.82767426, -2.20906506, 0.05426101], [10.82767426, 2.20906506, 0.05426101], [10.35795043, -0.0, 3.85153248]])",5,Bi40Te60,325.214,0.559223,10.1021/nl203389x,-0.274401004,downloaded_cif_TE\mp-34202_Bi2Te3.cif
mp-34202,Bi2Te3,"MSONAtoms(symbols='Bi2Te3', pbc=True, cell=[[10.82767426, -2.20906506, 0.05426101], [10.82767426, 2.20906506, 0.05426101], [10.35795043, -0.0, 3.85153248]])",5,Bi40Te60,349.573,0.605825,10.1021/nl203389x,-0.274401004,downloaded_cif_TE\mp-34202_Bi2Te3.cif
mp-34202,Bi2Te3,"MSONAtoms(symbols='Bi2Te3', pbc=True, cell=[[10.82767426, -2.20906506, 0.05426101], [10.82767426, 2.20906506, 0.05426101], [10.35795043, -0.0, 3.85153248]])",5,Bi40Te60,375.214,0.605825,10.1021/nl203389x,-0.274401004,downloaded_cif_TE\mp-34202_Bi2Te3.cif
mp-34202,Bi2Te3,"MSONAtoms(symbols='Bi2Te3', pbc=True, cell=[[10.82767426, -2.20906506, 0.05426101], [10.82767426, 2.20906506, 0.05426101], [10.35795043, -0.0, 3.85153248]])",5,Bi40Te60,400,0.613592,10.1021/nl203389x,-0.274401004,downloaded_cif_TE\mp-34202_Bi2Te3.cif
mp-34202,Bi2Te3,"MSONAtoms(symbols='Bi2Te3', pbc=True, cell=[[10.82767426, -2.20906506, 0.05426101], [10.82767426, 2.20906506, 0.05426101], [10.35795043, -0.0, 3.85153248]])",5,Bi40Te60,300.273,1.073185027,10.1063/1.2425007,-0.274401004,downloaded_cif_TE\mp-34202_Bi2Te3.cif
mp-34202,Bi2Te3,"MSONAtoms(symbols='Bi2Te3', pbc=True, cell=[[10.82767426, -2.20906506, 0.05426101], [10.82767426, 2.20906506, 0.05426101], [10.35795043, -0.0, 3.85153248]])",5,Bi40Te60,310.36,1.065656528,10.1063/1.2425007,-0.274401004,downloaded_cif_TE\mp-34202_Bi2Te3.cif
mp-34202,Bi2Te3,"MSONAtoms(symbols='Bi2Te3', pbc=True, cell=[[10.82767426, -2.20906506, 0.05426101], [10.82767426, 2.20906506, 0.05426101], [10.35795043, -0.0, 3.85153248]])",5,Bi40Te60,319.989,1.060063509,10.1063/1.2425007,-0.274401004,downloaded_cif_TE\mp-34202_Bi2Te3.cif
mp-34202,Bi2Te3,"MSONAtoms(symbols='Bi2Te3', pbc=True, cell=[[10.82767426, -2.20906506, 0.05426101], [10.82767426, 2.20906506, 0.05426101], [10.35795043, -0.0, 3.85153248]])",5,Bi40Te60,330.536,1.060031359,10.1063/1.2425007,-0.274401004,downloaded_cif_TE\mp-34202_Bi2Te3.cif
mp-34202,Bi2Te3,"MSONAtoms(symbols='Bi2Te3', pbc=True, cell=[[10.82767426, -2.20906506, 0.05426101], [10.82767426, 2.20906506, 0.05426101], [10.35795043, -0.0, 3.85153248]])",5,Bi40Te60,340.626,1.068365292,10.1063/1.2425007,-0.274401004,downloaded_cif_TE\mp-34202_Bi2Te3.cif
mp-34202,Bi2Te3,"MSONAtoms(symbols='Bi2Te3', pbc=True, cell=[[10.82767426, -2.20906506, 0.05426101], [10.82767426, 2.20906506, 0.05426101], [10.35795043, -0.0, 3.85153248]])",5,Bi40Te60,350.252,1.049154135,10.1063/1.2425007,-0.274401004,downloaded_cif_TE\mp-34202_Bi2Te3.cif
mp-34202,Bi2Te3,"MSONAtoms(symbols='Bi2Te3', pbc=True, cell=[[10.82767426, -2.20906506, 0.05426101], [10.82767426, 2.20906506, 0.05426101], [10.35795043, -0.0, 3.85153248]])",5,Bi40Te60,359.886,1.07253329,10.1063/1.2425007,-0.274401004,downloaded_cif_TE\mp-34202_Bi2Te3.cif
mp-34202,Bi2Te3,"MSONAtoms(symbols='Bi2Te3', pbc=True, cell=[[10.82767426, -2.20906506, 0.05426101], [10.82767426, 2.20906506, 0.05426101], [10.35795043, -0.0, 3.85153248]])",5,Bi40Te60,369.977,1.094471778,10.1063/1.2425007,-0.274401004,downloaded_cif_TE\mp-34202_Bi2Te3.cif
mp-34202,Bi2Te3,"MSONAtoms(symbols='Bi2Te3', pbc=True, cell=[[10.82767426, -2.20906506, 0.05426101], [10.82767426, 2.20906506, 0.05426101], [10.35795043, -0.0, 3.85153248]])",5,Bi40Te60,379.608,1.101829496,10.1063/1.2425007,-0.274401004,downloaded_cif_TE\mp-34202_Bi2Te3.cif
mp-34202,Bi2Te3,"MSONAtoms(symbols='Bi2Te3', pbc=True, cell=[[10.82767426, -2.20906506, 0.05426101], [10.82767426, 2.20906506, 0.05426101], [10.35795043, -0.0, 3.85153248]])",5,Bi40Te60,390.158,1.125690351,10.1063/1.2425007,-0.274401004,downloaded_cif_TE\mp-34202_Bi2Te3.cif
mp-34202,Bi2Te3,"MSONAtoms(symbols='Bi2Te3', pbc=True, cell=[[10.82767426, -2.20906506, 0.05426101], [10.82767426, 2.20906506, 0.05426101], [10.35795043, -0.0, 3.85153248]])",5,Bi40Te60,400.249,1.146294489,10.1063/1.2425007,-0.274401004,downloaded_cif_TE\mp-34202_Bi2Te3.cif
mp-34202,Bi2Te3,"MSONAtoms(symbols='Bi2Te3', pbc=True, cell=[[10.82767426, -2.20906506, 0.05426101], [10.82767426, 2.20906506, 0.05426101], [10.35795043, -0.0, 3.85153248]])",5,Bi40Te60,409.424,1.176662595,10.1063/1.2425007,-0.274401004,downloaded_cif_TE\mp-34202_Bi2Te3.cif
mp-34202,Bi2Te3,"MSONAtoms(symbols='Bi2Te3', pbc=True, cell=[[10.82767426, -2.20906506, 0.05426101], [10.82767426, 2.20906506, 0.05426101], [10.35795043, -0.0, 3.85153248]])",5,Bi40Te60,420.89,1.19906855,10.1063/1.2425007,-0.274401004,downloaded_cif_TE\mp-34202_Bi2Te3.cif
mp-34202,Bi2Te3,"MSONAtoms(symbols='Bi2Te3', pbc=True, cell=[[10.82767426, -2.20906506, 0.05426101], [10.82767426, 2.20906506, 0.05426101], [10.35795043, -0.0, 3.85153248]])",5,Bi40Te60,299.549,1.43319,10.1021/nl202935k,-0.274401004,downloaded_cif_TE\mp-34202_Bi2Te3.cif
mp-34202,Bi2Te3,"MSONAtoms(symbols='Bi2Te3', pbc=True, cell=[[10.82767426, -2.20906506, 0.05426101], [10.82767426, 2.20906506, 0.05426101], [10.35795043, -0.0, 3.85153248]])",5,Bi40Te60,309.859,1.37405,10.1021/nl202935k,-0.274401004,downloaded_cif_TE\mp-34202_Bi2Te3.cif
mp-34202,Bi2Te3,"MSONAtoms(symbols='Bi2Te3', pbc=True, cell=[[10.82767426, -2.20906506, 0.05426101], [10.82767426, 2.20906506, 0.05426101], [10.35795043, -0.0, 3.85153248]])",5,Bi40Te60,320.167,1.28584,10.1021/nl202935k,-0.274401004,downloaded_cif_TE\mp-34202_Bi2Te3.cif
mp-34202,Bi2Te3,"MSONAtoms(symbols='Bi2Te3', pbc=True, cell=[[10.82767426, -2.20906506, 0.05426101], [10.82767426, 2.20906506, 0.05426101], [10.35795043, -0.0, 3.85153248]])",5,Bi40Te60,329.611,1.14927,10.1021/nl202935k,-0.274401004,downloaded_cif_TE\mp-34202_Bi2Te3.cif
mp-34202,Bi2Te3,"MSONAtoms(symbols='Bi2Te3', pbc=True, cell=[[10.82767426, -2.20906506, 0.05426101], [10.82767426, 2.20906506, 0.05426101], [10.35795043, -0.0, 3.85153248]])",5,Bi40Te60,339.63,1.03202,10.1021/nl202935k,-0.274401004,downloaded_cif_TE\mp-34202_Bi2Te3.cif
mp-34202,Bi2Te3,"MSONAtoms(symbols='Bi2Te3', pbc=True, cell=[[10.82767426, -2.20906506, 0.05426101], [10.82767426, 2.20906506, 0.05426101], [10.35795043, -0.0, 3.85153248]])",5,Bi40Te60,349.939,0.963189,10.1021/nl202935k,-0.274401004,downloaded_cif_TE\mp-34202_Bi2Te3.cif
mp-34202,Bi2Te3,"MSONAtoms(symbols='Bi2Te3', pbc=True, cell=[[10.82767426, -2.20906506, 0.05426101], [10.82767426, 2.20906506, 0.05426101], [10.35795043, -0.0, 3.85153248]])",5,Bi40Te60,360.252,0.93312,10.1021/nl202935k,-0.274401004,downloaded_cif_TE\mp-34202_Bi2Te3.cif
mp-34202,Bi2Te3,"MSONAtoms(symbols='Bi2Te3', pbc=True, cell=[[10.82767426, -2.20906506, 0.05426101], [10.82767426, 2.20906506, 0.05426101], [10.35795043, -0.0, 3.85153248]])",5,Bi40Te60,369.706,0.912824,10.1021/nl202935k,-0.274401004,downloaded_cif_TE\mp-34202_Bi2Te3.cif
mp-34202,Bi2Te3,"MSONAtoms(symbols='Bi2Te3', pbc=True, cell=[[10.82767426, -2.20906506, 0.05426101], [10.82767426, 2.20906506, 0.05426101], [10.35795043, -0.0, 3.85153248]])",5,Bi40Te60,380.311,0.950556,10.1021/nl202935k,-0.274401004,downloaded_cif_TE\mp-34202_Bi2Te3.cif
mp-34202,Bi2Te3,"MSONAtoms(symbols='Bi2Te3', pbc=True, cell=[[10.82767426, -2.20906506, 0.05426101], [10.82767426, 2.20906506, 0.05426101], [10.35795043, -0.0, 3.85153248]])",5,Bi40Te60,390.634,1.04646,10.1021/nl202935k,-0.274401004,downloaded_cif_TE\mp-34202_Bi2Te3.cif
mp-34202,Bi2Te3,"MSONAtoms(symbols='Bi2Te3', pbc=True, cell=[[10.82767426, -2.20906506, 0.05426101], [10.82767426, 2.20906506, 0.05426101], [10.35795043, -0.0, 3.85153248]])",5,Bi40Te60,400.387,1.17148,10.1021/nl202935k,-0.274401004,downloaded_cif_TE\mp-34202_Bi2Te3.cif
mp-1883,SnTe,"MSONAtoms(symbols='SnTe', pbc=True, cell=[[3.90180836, 1e-08, 2.25271045], [1.30060313, 3.67866008, 2.25271045], [1e-08, 1e-08, 4.50541987]])",2,Sn50Te50,316.179,6.61923,10.1016/s1002-0721(14)60543-3,-0.26504988,downloaded_cif_TE\mp-1883_SnTe.cif
mp-1883,SnTe,"MSONAtoms(symbols='SnTe', pbc=True, cell=[[3.90180836, 1e-08, 2.25271045], [1.30060313, 3.67866008, 2.25271045], [1e-08, 1e-08, 4.50541987]])",2,Sn50Te50,328.088,6.39082,10.1016/s1002-0721(14)60543-3,-0.26504988,downloaded_cif_TE\mp-1883_SnTe.cif
mp-1883,SnTe,"MSONAtoms(symbols='SnTe', pbc=True, cell=[[3.90180836, 1e-08, 2.25271045], [1.30060313, 3.67866008, 2.25271045], [1e-08, 1e-08, 4.50541987]])",2,Sn50Te50,349.672,5.98479,10.1016/s1002-0721(14)60543-3,-0.26504988,downloaded_cif_TE\mp-1883_SnTe.cif
mp-1883,SnTe,"MSONAtoms(symbols='SnTe', pbc=True, cell=[[3.90180836, 1e-08, 2.25271045], [1.30060313, 3.67866008, 2.25271045], [1e-08, 1e-08, 4.50541987]])",2,Sn50Te50,374.954,5.64257,10.1016/s1002-0721(14)60543-3,-0.26504988,downloaded_cif_TE\mp-1883_SnTe.cif
mp-1883,SnTe,"MSONAtoms(symbols='SnTe', pbc=True, cell=[[3.90180836, 1e-08, 2.25271045], [1.30060313, 3.67866008, 2.25271045], [1e-08, 1e-08, 4.50541987]])",2,Sn50Te50,393.572,5.22366,10.1016/s1002-0721(14)60543-3,-0.26504988,downloaded_cif_TE\mp-1883_SnTe.cif
mp-1883,SnTe,"MSONAtoms(symbols='SnTe', pbc=True, cell=[[3.90180836, 1e-08, 2.25271045], [1.30060313, 3.67866008, 2.25271045], [1e-08, 1e-08, 4.50541987]])",2,Sn50Te50,418.121,4.83051,10.1016/s1002-0721(14)60543-3,-0.26504988,downloaded_cif_TE\mp-1883_SnTe.cif
mp-1883,SnTe,"MSONAtoms(symbols='SnTe', pbc=True, cell=[[3.90180836, 1e-08, 2.25271045], [1.30060313, 3.67866008, 2.25271045], [1e-08, 1e-08, 4.50541987]])",2,Sn50Te50,441.926,4.45003,10.1016/s1002-0721(14)60543-3,-0.26504988,downloaded_cif_TE\mp-1883_SnTe.cif
mp-1883,SnTe,"MSONAtoms(symbols='SnTe', pbc=True, cell=[[3.90180836, 1e-08, 2.25271045], [1.30060313, 3.67866008, 2.25271045], [1e-08, 1e-08, 4.50541987]])",2,Sn50Te50,467.951,4.09512,10.1016/s1002-0721(14)60543-3,-0.26504988,downloaded_cif_TE\mp-1883_SnTe.cif
mp-1883,SnTe,"MSONAtoms(symbols='SnTe', pbc=True, cell=[[3.90180836, 1e-08, 2.25271045], [1.30060313, 3.67866008, 2.25271045], [1e-08, 1e-08, 4.50541987]])",2,Sn50Te50,492.48,3.81647,10.1016/s1002-0721(14)60543-3,-0.26504988,downloaded_cif_TE\mp-1883_SnTe.cif
mp-1883,SnTe,"MSONAtoms(symbols='SnTe', pbc=True, cell=[[3.90180836, 1e-08, 2.25271045], [1.30060313, 3.67866008, 2.25271045], [1e-08, 1e-08, 4.50541987]])",2,Sn50Te50,514.782,3.55043,10.1016/s1002-0721(14)60543-3,-0.26504988,downloaded_cif_TE\mp-1883_SnTe.cif
mp-1883,SnTe,"MSONAtoms(symbols='SnTe', pbc=True, cell=[[3.90180836, 1e-08, 2.25271045], [1.30060313, 3.67866008, 2.25271045], [1e-08, 1e-08, 4.50541987]])",2,Sn50Te50,539.302,3.32266,10.1016/s1002-0721(14)60543-3,-0.26504988,downloaded_cif_TE\mp-1883_SnTe.cif
mp-1883,SnTe,"MSONAtoms(symbols='SnTe', pbc=True, cell=[[3.90180836, 1e-08, 2.25271045], [1.30060313, 3.67866008, 2.25271045], [1e-08, 1e-08, 4.50541987]])",2,Sn50Te50,563.822,3.0949,10.1016/s1002-0721(14)60543-3,-0.26504988,downloaded_cif_TE\mp-1883_SnTe.cif
mp-1883,SnTe,"MSONAtoms(symbols='SnTe', pbc=True, cell=[[3.90180836, 1e-08, 2.25271045], [1.30060313, 3.67866008, 2.25271045], [1e-08, 1e-08, 4.50541987]])",2,Sn50Te50,588.331,2.93075,10.1016/s1002-0721(14)60543-3,-0.26504988,downloaded_cif_TE\mp-1883_SnTe.cif
mp-1883,SnTe,"MSONAtoms(symbols='SnTe', pbc=True, cell=[[3.90180836, 1e-08, 2.25271045], [1.30060313, 3.67866008, 2.25271045], [1e-08, 1e-08, 4.50541987]])",2,Sn50Te50,612.842,2.75388,10.1016/s1002-0721(14)60543-3,-0.26504988,downloaded_cif_TE\mp-1883_SnTe.cif
mp-1883,SnTe,"MSONAtoms(symbols='SnTe', pbc=True, cell=[[3.90180836, 1e-08, 2.25271045], [1.30060313, 3.67866008, 2.25271045], [1e-08, 1e-08, 4.50541987]])",2,Sn50Te50,637.349,2.60246,10.1016/s1002-0721(14)60543-3,-0.26504988,downloaded_cif_TE\mp-1883_SnTe.cif
mp-1883,SnTe,"MSONAtoms(symbols='SnTe', pbc=True, cell=[[3.90180836, 1e-08, 2.25271045], [1.30060313, 3.67866008, 2.25271045], [1e-08, 1e-08, 4.50541987]])",2,Sn50Te50,661.843,2.52737,10.1016/s1002-0721(14)60543-3,-0.26504988,downloaded_cif_TE\mp-1883_SnTe.cif
mp-1883,SnTe,"MSONAtoms(symbols='SnTe', pbc=True, cell=[[3.90180836, 1e-08, 2.25271045], [1.30060313, 3.67866008, 2.25271045], [1e-08, 1e-08, 4.50541987]])",2,Sn50Te50,687.078,2.45231,10.1016/s1002-0721(14)60543-3,-0.26504988,downloaded_cif_TE\mp-1883_SnTe.cif
mp-1883,SnTe,"MSONAtoms(symbols='SnTe', pbc=True, cell=[[3.90180836, 1e-08, 2.25271045], [1.30060313, 3.67866008, 2.25271045], [1e-08, 1e-08, 4.50541987]])",2,Sn50Te50,715.273,2.4283,10.1016/s1002-0721(14)60543-3,-0.26504988,downloaded_cif_TE\mp-1883_SnTe.cif
mp-1883,SnTe,"MSONAtoms(symbols='SnTe', pbc=True, cell=[[3.90180836, 1e-08, 2.25271045], [1.30060313, 3.67866008, 2.25271045], [1e-08, 1e-08, 4.50541987]])",2,Sn50Te50,741.252,2.34057,10.1016/s1002-0721(14)60543-3,-0.26504988,downloaded_cif_TE\mp-1883_SnTe.cif
mp-1883,SnTe,"MSONAtoms(symbols='SnTe', pbc=True, cell=[[3.90180836, 1e-08, 2.25271045], [1.30060313, 3.67866008, 2.25271045], [1e-08, 1e-08, 4.50541987]])",2,Sn50Te50,762.028,2.31618,10.1016/s1002-0721(14)60543-3,-0.26504988,downloaded_cif_TE\mp-1883_SnTe.cif
mp-1883,SnTe,"MSONAtoms(symbols='SnTe', pbc=True, cell=[[3.90180836, 1e-08, 2.25271045], [1.30060313, 3.67866008, 2.25271045], [1e-08, 1e-08, 4.50541987]])",2,Sn50Te50,791.708,2.27952,10.1016/s1002-0721(14)60543-3,-0.26504988,downloaded_cif_TE\mp-1883_SnTe.cif
mp-12360,AgSbTe2,"MSONAtoms(symbols='AgSbTe2', pbc=True, cell=[[0.676117, 2.187259, -3.727623], [0.676117, -2.187259, -3.727623], [-6.399731, 0.0, -3.727623]], initial_magmoms=...)",4,Ag25Sb25Te50,321.499,0.289016,10.1063/1.3029774,-0.291437181,downloaded_cif_TE\mp-12360_AgSbTe2.cif
mp-12360,AgSbTe2,"MSONAtoms(symbols='AgSbTe2', pbc=True, cell=[[0.676117, 2.187259, -3.727623], [0.676117, -2.187259, -3.727623], [-6.399731, 0.0, -3.727623]], initial_magmoms=...)",4,Ag25Sb25Te50,372.792,0.302161,10.1063/1.3029774,-0.291437181,downloaded_cif_TE\mp-12360_AgSbTe2.cif
mp-12360,AgSbTe2,"MSONAtoms(symbols='AgSbTe2', pbc=True, cell=[[0.676117, 2.187259, -3.727623], [0.676117, -2.187259, -3.727623], [-6.399731, 0.0, -3.727623]], initial_magmoms=...)",4,Ag25Sb25Te50,421.93,0.311739,10.1063/1.3029774,-0.291437181,downloaded_cif_TE\mp-12360_AgSbTe2.cif
mp-12360,AgSbTe2,"MSONAtoms(symbols='AgSbTe2', pbc=True, cell=[[0.676117, 2.187259, -3.727623], [0.676117, -2.187259, -3.727623], [-6.399731, 0.0, -3.727623]], initial_magmoms=...)",4,Ag25Sb25Te50,474.851,0.319608,10.1063/1.3029774,-0.291437181,downloaded_cif_TE\mp-12360_AgSbTe2.cif
mp-12360,AgSbTe2,"MSONAtoms(symbols='AgSbTe2', pbc=True, cell=[[0.676117, 2.187259, -3.727623], [0.676117, -2.187259, -3.727623], [-6.399731, 0.0, -3.727623]], initial_magmoms=...)",4,Ag25Sb25Te50,512.639,0.334315,10.1063/1.3029774,-0.291437181,downloaded_cif_TE\mp-12360_AgSbTe2.cif
mp-12360,AgSbTe2,"MSONAtoms(symbols='AgSbTe2', pbc=True, cell=[[0.676117, 2.187259, -3.727623], [0.676117, -2.187259, -3.727623], [-6.399731, 0.0, -3.727623]], initial_magmoms=...)",4,Ag25Sb25Te50,568.77,0.363434,10.1063/1.3029774,-0.291437181,downloaded_cif_TE\mp-12360_AgSbTe2.cif
mp-12360,AgSbTe2,"MSONAtoms(symbols='AgSbTe2', pbc=True, cell=[[0.676117, 2.187259, -3.727623], [0.676117, -2.187259, -3.727623], [-6.399731, 0.0, -3.727623]], initial_magmoms=...)",4,Ag25Sb25Te50,618.421,0.392455,10.1063/1.3029774,-0.291437181,downloaded_cif_TE\mp-12360_AgSbTe2.cif
mp-12360,AgSbTe2,"MSONAtoms(symbols='AgSbTe2', pbc=True, cell=[[0.676117, 2.187259, -3.727623], [0.676117, -2.187259, -3.727623], [-6.399731, 0.0, -3.727623]], initial_magmoms=...)",4,Ag25Sb25Te50,674.632,0.365037,10.1063/1.3029774,-0.291437181,downloaded_cif_TE\mp-12360_AgSbTe2.cif
mp-1317,CoSb3,"MSONAtoms(symbols='Co4Sb12', pbc=True, cell=[[7.39186059, -2.508e-05, -2.61340979], [-3.69594978, 6.40161738, -2.61345101], [2.347e-05, -1.232e-05, 7.84029276]])",4,Co25Sb75,373.116,3.74948,10.1063/1.2538036,-0.147884075,downloaded_cif_TE\mp-1317_CoSb3.cif
mp-1317,CoSb3,"MSONAtoms(symbols='Co4Sb12', pbc=True, cell=[[7.39186059, -2.508e-05, -2.61340979], [-3.69594978, 6.40161738, -2.61345101], [2.347e-05, -1.232e-05, 7.84029276]])",4,Co25Sb75,398.545,3.64046,10.1063/1.2538036,-0.147884075,downloaded_cif_TE\mp-1317_CoSb3.cif
mp-1317,CoSb3,"MSONAtoms(symbols='Co4Sb12', pbc=True, cell=[[7.39186059, -2.508e-05, -2.61340979], [-3.69594978, 6.40161738, -2.61345101], [2.347e-05, -1.232e-05, 7.84029276]])",4,Co25Sb75,423.202,3.53145,10.1063/1.2538036,-0.147884075,downloaded_cif_TE\mp-1317_CoSb3.cif
mp-1317,CoSb3,"MSONAtoms(symbols='Co4Sb12', pbc=True, cell=[[7.39186059, -2.508e-05, -2.61340979], [-3.69594978, 6.40161738, -2.61345101], [2.347e-05, -1.232e-05, 7.84029276]])",4,Co25Sb75,449.401,3.46436,10.1063/1.2538036,-0.147884075,downloaded_cif_TE\mp-1317_CoSb3.cif
mp-1317,CoSb3,"MSONAtoms(symbols='Co4Sb12', pbc=True, cell=[[7.39186059, -2.508e-05, -2.61340979], [-3.69594978, 6.40161738, -2.61345101], [2.347e-05, -1.232e-05, 7.84029276]])",4,Co25Sb75,472.517,3.39727,10.1063/1.2538036,-0.147884075,downloaded_cif_TE\mp-1317_CoSb3.cif
mp-1317,CoSb3,"MSONAtoms(symbols='Co4Sb12', pbc=True, cell=[[7.39186059, -2.508e-05, -2.61340979], [-3.69594978, 6.40161738, -2.61345101], [2.347e-05, -1.232e-05, 7.84029276]])",4,Co25Sb75,497.945,3.34696,10.1063/1.2538036,-0.147884075,downloaded_cif_TE\mp-1317_CoSb3.cif
mp-1317,CoSb3,"MSONAtoms(symbols='Co4Sb12', pbc=True, cell=[[7.39186059, -2.508e-05, -2.61340979], [-3.69594978, 6.40161738, -2.61345101], [2.347e-05, -1.232e-05, 7.84029276]])",4,Co25Sb75,523.373,3.28826,10.1063/1.2538036,-0.147884075,downloaded_cif_TE\mp-1317_CoSb3.cif
mp-1317,CoSb3,"MSONAtoms(symbols='Co4Sb12', pbc=True, cell=[[7.39186059, -2.508e-05, -2.61340979], [-3.69594978, 6.40161738, -2.61345101], [2.347e-05, -1.232e-05, 7.84029276]])",4,Co25Sb75,548.031,3.22956,10.1063/1.2538036,-0.147884075,downloaded_cif_TE\mp-1317_CoSb3.cif
mp-1317,CoSb3,"MSONAtoms(symbols='Co4Sb12', pbc=True, cell=[[7.39186059, -2.508e-05, -2.61340979], [-3.69594978, 6.40161738, -2.61345101], [2.347e-05, -1.232e-05, 7.84029276]])",4,Co25Sb75,573.459,3.21279,10.1063/1.2538036,-0.147884075,downloaded_cif_TE\mp-1317_CoSb3.cif
mp-1317,CoSb3,"MSONAtoms(symbols='Co4Sb12', pbc=True, cell=[[7.39186059, -2.508e-05, -2.61340979], [-3.69594978, 6.40161738, -2.61345101], [2.347e-05, -1.232e-05, 7.84029276]])",4,Co25Sb75,598.887,3.16247,10.1063/1.2538036,-0.147884075,downloaded_cif_TE\mp-1317_CoSb3.cif
mp-1317,CoSb3,"MSONAtoms(symbols='Co4Sb12', pbc=True, cell=[[7.39186059, -2.508e-05, -2.61340979], [-3.69594978, 6.40161738, -2.61345101], [2.347e-05, -1.232e-05, 7.84029276]])",4,Co25Sb75,622.774,3.13732,10.1063/1.2538036,-0.147884075,downloaded_cif_TE\mp-1317_CoSb3.cif
mp-1317,CoSb3,"MSONAtoms(symbols='Co4Sb12', pbc=True, cell=[[7.39186059, -2.508e-05, -2.61340979], [-3.69594978, 6.40161738, -2.61345101], [2.347e-05, -1.232e-05, 7.84029276]])",4,Co25Sb75,649.743,3.10377,10.1063/1.2538036,-0.147884075,downloaded_cif_TE\mp-1317_CoSb3.cif
mp-1317,CoSb3,"MSONAtoms(symbols='Co4Sb12', pbc=True, cell=[[7.39186059, -2.508e-05, -2.61340979], [-3.69594978, 6.40161738, -2.61345101], [2.347e-05, -1.232e-05, 7.84029276]])",4,Co25Sb75,673.63,3.05346,10.1063/1.2538036,-0.147884075,downloaded_cif_TE\mp-1317_CoSb3.cif
mp-1317,CoSb3,"MSONAtoms(symbols='Co4Sb12', pbc=True, cell=[[7.39186059, -2.508e-05, -2.61340979], [-3.69594978, 6.40161738, -2.61345101], [2.347e-05, -1.232e-05, 7.84029276]])",4,Co25Sb75,699.058,3.04507,10.1063/1.2538036,-0.147884075,downloaded_cif_TE\mp-1317_CoSb3.cif
mp-1317,CoSb3,"MSONAtoms(symbols='Co4Sb12', pbc=True, cell=[[7.39186059, -2.508e-05, -2.61340979], [-3.69594978, 6.40161738, -2.61345101], [2.347e-05, -1.232e-05, 7.84029276]])",4,Co25Sb75,722.945,3.05346,10.1063/1.2538036,-0.147884075,downloaded_cif_TE\mp-1317_CoSb3.cif
mp-1317,CoSb3,"MSONAtoms(symbols='Co4Sb12', pbc=True, cell=[[7.39186059, -2.508e-05, -2.61340979], [-3.69594978, 6.40161738, -2.61345101], [2.347e-05, -1.232e-05, 7.84029276]])",4,Co25Sb75,747.603,3.07862,10.1063/1.2538036,-0.147884075,downloaded_cif_TE\mp-1317_CoSb3.cif
mp-1317,CoSb3,"MSONAtoms(symbols='Co4Sb12', pbc=True, cell=[[7.39186059, -2.508e-05, -2.61340979], [-3.69594978, 6.40161738, -2.61345101], [2.347e-05, -1.232e-05, 7.84029276]])",4,Co25Sb75,772.26,3.087,10.1063/1.2538036,-0.147884075,downloaded_cif_TE\mp-1317_CoSb3.cif
mp-1227403,Bi(SbTe2)3,"MSONAtoms(symbols='BiSb3Te6', pbc=True, cell=[[20.616245, -2.182162, 0.0], [20.616245, 2.182162, 0.0], [20.38527, 0.0, 3.772551]], initial_magmoms=...)",10,Bi10Sb30Te60,298.4273,0.980785,10.1016/j.jallcom.2017.02.181,-0.407621485,downloaded_cif_TE\mp-1227403_Bi(SbTe2)3.cif
mp-1227403,Bi(SbTe2)3,"MSONAtoms(symbols='BiSb3Te6', pbc=True, cell=[[20.616245, -2.182162, 0.0], [20.616245, 2.182162, 0.0], [20.38527, 0.0, 3.772551]], initial_magmoms=...)",10,Bi10Sb30Te60,322.04,0.973905,10.1016/j.jallcom.2017.02.181,-0.407621485,downloaded_cif_TE\mp-1227403_Bi(SbTe2)3.cif
mp-1227403,Bi(SbTe2)3,"MSONAtoms(symbols='BiSb3Te6', pbc=True, cell=[[20.616245, -2.182162, 0.0], [20.616245, 2.182162, 0.0], [20.38527, 0.0, 3.772551]], initial_magmoms=...)",10,Bi10Sb30Te60,348.2056,0.976177,10.1016/j.jallcom.2017.02.181,-0.407621485,downloaded_cif_TE\mp-1227403_Bi(SbTe2)3.cif
mp-1227403,Bi(SbTe2)3,"MSONAtoms(symbols='BiSb3Te6', pbc=True, cell=[[20.616245, -2.182162, 0.0], [20.616245, 2.182162, 0.0], [20.38527, 0.0, 3.772551]], initial_magmoms=...)",10,Bi10Sb30Te60,371.8682,0.990834,10.1016/j.jallcom.2017.02.181,-0.407621485,downloaded_cif_TE\mp-1227403_Bi(SbTe2)3.cif
mp-1227403,Bi(SbTe2)3,"MSONAtoms(symbols='BiSb3Te6', pbc=True, cell=[[20.616245, -2.182162, 0.0], [20.616245, 2.182162, 0.0], [20.38527, 0.0, 3.772551]], initial_magmoms=...)",10,Bi10Sb30Te60,398.098,1.0208,10.1016/j.jallcom.2017.02.181,-0.407621485,downloaded_cif_TE\mp-1227403_Bi(SbTe2)3.cif
mp-1227403,Bi(SbTe2)3,"MSONAtoms(symbols='BiSb3Te6', pbc=True, cell=[[20.616245, -2.182162, 0.0], [20.616245, 2.182162, 0.0], [20.38527, 0.0, 3.772551]], initial_magmoms=...)",10,Bi10Sb30Te60,422.668,1.06312,10.1016/j.jallcom.2017.02.181,-0.407621485,downloaded_cif_TE\mp-1227403_Bi(SbTe2)3.cif
mp-1227403,Bi(SbTe2)3,"MSONAtoms(symbols='BiSb3Te6', pbc=True, cell=[[20.616245, -2.182162, 0.0], [20.616245, 2.182162, 0.0], [20.38527, 0.0, 3.772551]], initial_magmoms=...)",10,Bi10Sb30Te60,448.126,1.12388,10.1016/j.jallcom.2017.02.181,-0.407621485,downloaded_cif_TE\mp-1227403_Bi(SbTe2)3.cif
mp-1227403,Bi(SbTe2)3,"MSONAtoms(symbols='BiSb3Te6', pbc=True, cell=[[20.616245, -2.182162, 0.0], [20.616245, 2.182162, 0.0], [20.38527, 0.0, 3.772551]], initial_magmoms=...)",10,Bi10Sb30Te60,472.853,1.2339,10.1016/j.jallcom.2017.02.181,-0.407621485,downloaded_cif_TE\mp-1227403_Bi(SbTe2)3.cif
mp-34202,Bi2Te3,"MSONAtoms(symbols='Bi2Te3', pbc=True, cell=[[10.82767426, -2.20906506, 0.05426101], [10.82767426, 2.20906506, 0.05426101], [10.35795043, -0.0, 3.85153248]])",5,Bi40Te60,299.827,0.924649,10.1109/ict.2007.4569410,-0.274401004,downloaded_cif_TE\mp-34202_Bi2Te3.cif
mp-34202,Bi2Te3,"MSONAtoms(symbols='Bi2Te3', pbc=True, cell=[[10.82767426, -2.20906506, 0.05426101], [10.82767426, 2.20906506, 0.05426101], [10.35795043, -0.0, 3.85153248]])",5,Bi40Te60,323.672,0.945529,10.1109/ict.2007.4569410,-0.274401004,downloaded_cif_TE\mp-34202_Bi2Te3.cif
mp-34202,Bi2Te3,"MSONAtoms(symbols='Bi2Te3', pbc=True, cell=[[10.82767426, -2.20906506, 0.05426101], [10.82767426, 2.20906506, 0.05426101], [10.35795043, -0.0, 3.85153248]])",5,Bi40Te60,347.499,1.00582,10.1109/ict.2007.4569410,-0.274401004,downloaded_cif_TE\mp-34202_Bi2Te3.cif
mp-34202,Bi2Te3,"MSONAtoms(symbols='Bi2Te3', pbc=True, cell=[[10.82767426, -2.20906506, 0.05426101], [10.82767426, 2.20906506, 0.05426101], [10.35795043, -0.0, 3.85153248]])",5,Bi40Te60,375.017,1.01703,10.1109/ict.2007.4569410,-0.274401004,downloaded_cif_TE\mp-34202_Bi2Te3.cif
mp-34202,Bi2Te3,"MSONAtoms(symbols='Bi2Te3', pbc=True, cell=[[10.82767426, -2.20906506, 0.05426101], [10.82767426, 2.20906506, 0.05426101], [10.35795043, -0.0, 3.85153248]])",5,Bi40Te60,399.766,1.06751,10.1109/ict.2007.4569410,-0.274401004,downloaded_cif_TE\mp-34202_Bi2Te3.cif
mp-34202,Bi2Te3,"MSONAtoms(symbols='Bi2Te3', pbc=True, cell=[[10.82767426, -2.20906506, 0.05426101], [10.82767426, 2.20906506, 0.05426101], [10.35795043, -0.0, 3.85153248]])",5,Bi40Te60,422.693,1.08834,10.1109/ict.2007.4569410,-0.274401004,downloaded_cif_TE\mp-34202_Bi2Te3.cif
mp-34202,Bi2Te3,"MSONAtoms(symbols='Bi2Te3', pbc=True, cell=[[10.82767426, -2.20906506, 0.05426101], [10.82767426, 2.20906506, 0.05426101], [10.35795043, -0.0, 3.85153248]])",5,Bi40Te60,448.364,1.12902,10.1109/ict.2007.4569410,-0.274401004,downloaded_cif_TE\mp-34202_Bi2Te3.cif
mp-34202,Bi2Te3,"MSONAtoms(symbols='Bi2Te3', pbc=True, cell=[[10.82767426, -2.20906506, 0.05426101], [10.82767426, 2.20906506, 0.05426101], [10.35795043, -0.0, 3.85153248]])",5,Bi40Te60,473.117,1.16965,10.1109/ict.2007.4569410,-0.274401004,downloaded_cif_TE\mp-34202_Bi2Te3.cif
mp-4573,TlSbTe2,"MSONAtoms(symbols='TlSbTe2', pbc=True, cell=[[4.31765872, 0.01154871, 7.11075584], [1.99854545, 3.82728767, 7.11075584], [0.01900104, 0.0115487, 8.31893444]])",4,Tl25Sb25Te50,324.1456583,1.416555407,10.1016/j.jallcom.2004.01.018,-0.439535854,downloaded_cif_TE\mp-4573_TlSbTe2.cif
mp-4573,TlSbTe2,"MSONAtoms(symbols='TlSbTe2', pbc=True, cell=[[4.31765872, 0.01154871, 7.11075584], [1.99854545, 3.82728767, 7.11075584], [0.01900104, 0.0115487, 8.31893444]])",4,Tl25Sb25Te50,371.6526611,1.184245661,10.1016/j.jallcom.2004.01.018,-0.439535854,downloaded_cif_TE\mp-4573_TlSbTe2.cif
mp-4573,TlSbTe2,"MSONAtoms(symbols='TlSbTe2', pbc=True, cell=[[4.31765872, 0.01154871, 7.11075584], [1.99854545, 3.82728767, 7.11075584], [0.01900104, 0.0115487, 8.31893444]])",4,Tl25Sb25Te50,420.5042017,1.053404539,10.1016/j.jallcom.2004.01.018,-0.439535854,downloaded_cif_TE\mp-4573_TlSbTe2.cif
mp-4573,TlSbTe2,"MSONAtoms(symbols='TlSbTe2', pbc=True, cell=[[4.31765872, 0.01154871, 7.11075584], [1.99854545, 3.82728767, 7.11075584], [0.01900104, 0.0115487, 8.31893444]])",4,Tl25Sb25Te50,468.4593838,0.994659546,10.1016/j.jallcom.2004.01.018,-0.439535854,downloaded_cif_TE\mp-4573_TlSbTe2.cif
mp-4573,TlSbTe2,"MSONAtoms(symbols='TlSbTe2', pbc=True, cell=[[4.31765872, 0.01154871, 7.11075584], [1.99854545, 3.82728767, 7.11075584], [0.01900104, 0.0115487, 8.31893444]])",4,Tl25Sb25Te50,517.3109244,0.970627503,10.1016/j.jallcom.2004.01.018,-0.439535854,downloaded_cif_TE\mp-4573_TlSbTe2.cif
mp-4573,TlSbTe2,"MSONAtoms(symbols='TlSbTe2', pbc=True, cell=[[4.31765872, 0.01154871, 7.11075584], [1.99854545, 3.82728767, 7.11075584], [0.01900104, 0.0115487, 8.31893444]])",4,Tl25Sb25Te50,567.5070028,0.943925234,10.1016/j.jallcom.2004.01.018,-0.439535854,downloaded_cif_TE\mp-4573_TlSbTe2.cif
mp-4573,TlSbTe2,"MSONAtoms(symbols='TlSbTe2', pbc=True, cell=[[4.31765872, 0.01154871, 7.11075584], [1.99854545, 3.82728767, 7.11075584], [0.01900104, 0.0115487, 8.31893444]])",4,Tl25Sb25Te50,615.9103641,0.890520694,10.1016/j.jallcom.2004.01.018,-0.439535854,downloaded_cif_TE\mp-4573_TlSbTe2.cif
mp-4573,TlSbTe2,"MSONAtoms(symbols='TlSbTe2', pbc=True, cell=[[4.31765872, 0.01154871, 7.11075584], [1.99854545, 3.82728767, 7.11075584], [0.01900104, 0.0115487, 8.31893444]])",4,Tl25Sb25Te50,666.1064426,0.759679573,10.1016/j.jallcom.2004.01.018,-0.439535854,downloaded_cif_TE\mp-4573_TlSbTe2.cif
mp-4573,TlSbTe2,"MSONAtoms(symbols='TlSbTe2', pbc=True, cell=[[4.31765872, 0.01154871, 7.11075584], [1.99854545, 3.82728767, 7.11075584], [0.01900104, 0.0115487, 8.31893444]])",4,Tl25Sb25Te50,714.9579832,0.519359146,10.1016/j.jallcom.2004.01.018,-0.439535854,downloaded_cif_TE\mp-4573_TlSbTe2.cif
mp-1219182,SiGe,"MSONAtoms(symbols='SiGe', pbc=True, cell=[[0.0, 2.77146216, 2.77146216], [2.77146216, 0.0, 2.77146216], [2.77146216, 2.77146216, 0.0]])",2,Si50Ge50,313.7415,2.36349,10.1063/1.3027060,0.016203427,downloaded_cif_TE\mp-1219182_SiGe.cif
mp-1219182,SiGe,"MSONAtoms(symbols='SiGe', pbc=True, cell=[[0.0, 2.77146216, 2.77146216], [2.77146216, 0.0, 2.77146216], [2.77146216, 2.77146216, 0.0]])",2,Si50Ge50,474.718,2.46911,10.1063/1.3027060,0.016203427,downloaded_cif_TE\mp-1219182_SiGe.cif
mp-1219182,SiGe,"MSONAtoms(symbols='SiGe', pbc=True, cell=[[0.0, 2.77146216, 2.77146216], [2.77146216, 0.0, 2.77146216], [2.77146216, 2.77146216, 0.0]])",2,Si50Ge50,578.181,2.4984,10.1063/1.3027060,0.016203427,downloaded_cif_TE\mp-1219182_SiGe.cif
mp-1219182,SiGe,"MSONAtoms(symbols='SiGe', pbc=True, cell=[[0.0, 2.77146216, 2.77146216], [2.77146216, 0.0, 2.77146216], [2.77146216, 2.77146216, 0.0]])",2,Si50Ge50,673.025,2.52783,10.1063/1.3027060,0.016203427,downloaded_cif_TE\mp-1219182_SiGe.cif
mp-1219182,SiGe,"MSONAtoms(symbols='SiGe', pbc=True, cell=[[0.0, 2.77146216, 2.77146216], [2.77146216, 0.0, 2.77146216], [2.77146216, 2.77146216, 0.0]])",2,Si50Ge50,776.456,2.49534,10.1063/1.3027060,0.016203427,downloaded_cif_TE\mp-1219182_SiGe.cif
mp-1219182,SiGe,"MSONAtoms(symbols='SiGe', pbc=True, cell=[[0.0, 2.77146216, 2.77146216], [2.77146216, 0.0, 2.77146216], [2.77146216, 2.77146216, 0.0]])",2,Si50Ge50,874.098,2.38572,10.1063/1.3027060,0.016203427,downloaded_cif_TE\mp-1219182_SiGe.cif
mp-1219182,SiGe,"MSONAtoms(symbols='SiGe', pbc=True, cell=[[0.0, 2.77146216, 2.77146216], [2.77146216, 0.0, 2.77146216], [2.77146216, 2.77146216, 0.0]])",2,Si50Ge50,925.83,2.40037,10.1063/1.3027060,0.016203427,downloaded_cif_TE\mp-1219182_SiGe.cif
mp-1219182,SiGe,"MSONAtoms(symbols='SiGe', pbc=True, cell=[[0.0, 2.77146216, 2.77146216], [2.77146216, 0.0, 2.77146216], [2.77146216, 2.77146216, 0.0]])",2,Si50Ge50,974.68,2.39961,10.1063/1.3027060,0.016203427,downloaded_cif_TE\mp-1219182_SiGe.cif
mp-1219182,SiGe,"MSONAtoms(symbols='SiGe', pbc=True, cell=[[0.0, 2.77146216, 2.77146216], [2.77146216, 0.0, 2.77146216], [2.77146216, 2.77146216, 0.0]])",2,Si50Ge50,1023.597,2.52241,10.1063/1.3027060,0.016203427,downloaded_cif_TE\mp-1219182_SiGe.cif
mp-1219182,SiGe,"MSONAtoms(symbols='SiGe', pbc=True, cell=[[0.0, 2.77146216, 2.77146216], [2.77146216, 0.0, 2.77146216], [2.77146216, 2.77146216, 0.0]])",2,Si50Ge50,1069.615,2.59892,10.1063/1.3027060,0.016203427,downloaded_cif_TE\mp-1219182_SiGe.cif
mp-1219182,SiGe,"MSONAtoms(symbols='SiGe', pbc=True, cell=[[0.0, 2.77146216, 2.77146216], [2.77146216, 0.0, 2.77146216], [2.77146216, 2.77146216, 0.0]])",2,Si50Ge50,1121.388,2.69079,10.1063/1.3027060,0.016203427,downloaded_cif_TE\mp-1219182_SiGe.cif
mp-1219182,SiGe,"MSONAtoms(symbols='SiGe', pbc=True, cell=[[0.0, 2.77146216, 2.77146216], [2.77146216, 0.0, 2.77146216], [2.77146216, 2.77146216, 0.0]])",2,Si50Ge50,1176.092,2.89072,10.1063/1.3027060,0.016203427,downloaded_cif_TE\mp-1219182_SiGe.cif
